Id,Date,TotalSteps,TotalDistance,TrackerDistance,LoggedActivitiesDistance,VeryActiveDistance,ModeratelyActiveDistance,LightActiveDistance,SedentaryActiveDistance,VeryActiveMinutes,FairlyActiveMinutes,LightlyActiveMinutes,SedentaryMinutes,Calories,AvgMETs,AvgHeartRate,MinHeartRate,MaxHeartRate,TotalSleepRecords,TotalMinutesAsleep,TotalTimeInBed,WeightKg,BMI,Fat,HasSleepData,HasWeightData,HasHeartRateData,LikelyDeviceNotWorn
1503960366,2016-04-12,13162,8.5,8.5,0.0,1.88,0.55,6.06,0.0,25,13,328,728,1985,1.75,77.45,52.0,135.5,1.0,327.0,346.0,62.5,24.39,23.5,True,False,False,False
1503960366,2016-04-13,10735,6.97,6.97,0.0,1.57,0.69,4.71,0.0,21,19,217,776,1797,1.59,77.45,52.0,135.5,2.0,384.0,407.0,62.5,24.39,23.5,True,False,False,False
1503960366,2016-04-14,10460,6.74,6.74,0.0,2.44,0.4,3.91,0.0,30,11,181,1218,1776,1.57,77.45,52.0,135.5,1.0,432.5,463.0,62.5,24.39,23.5,False,False,False,False
1503960366,2016-04-15,9762,6.28,6.28,0.0,2.14,1.26,2.83,0.0,29,34,209,726,1745,1.54,77.45,52.0,135.5,1.0,412.0,442.0,62.5,24.39,23.5,True,False,False,False
1503960366,2016-04-16,12669,8.16,8.16,0.0,2.71,0.41,5.04,0.0,36,10,221,773,1863,1.65,77.45,52.0,135.5,2.0,340.0,367.0,62.5,24.39,23.5,True,False,False,False
1503960366,2016-04-17,9705,6.48,6.48,0.0,3.19,0.78,2.51,0.0,38,20,164,539,1728,1.53,77.45,52.0,135.5,1.0,700.0,712.0,62.5,24.39,23.5,True,False,False,False
1503960366,2016-04-18,13019,8.59,8.59,0.0,3.25,0.64,4.71,0.0,42,16,233,1149,1921,1.7,77.45,52.0,135.5,1.0,432.5,463.0,62.5,24.39,23.5,False,False,False,False
1503960366,2016-04-19,15506,9.88,9.88,0.0,3.53,1.32,5.03,0.0,50,31,264,775,2035,1.8,77.45,52.0,135.5,1.0,304.0,320.0,62.5,24.39,23.5,True,False,False,False
1503960366,2016-04-20,10544,6.68,6.68,0.0,1.96,0.48,4.24,0.0,28,12,205,818,1786,1.58,77.45,52.0,135.5,1.0,360.0,377.0,62.5,24.39,23.5,True,False,False,False
1503960366,2016-04-21,9819,6.34,6.34,0.0,1.34,0.35,4.65,0.0,19,8,211,838,1775,1.57,77.45,52.0,135.5,1.0,325.0,364.0,62.5,24.39,23.5,True,False,False,False
1503960366,2016-04-22,12764,8.13,8.13,0.0,4.76,1.12,2.24,0.0,66,27,130,1217,1827,1.61,77.45,52.0,135.5,1.0,432.5,463.0,62.5,24.39,23.5,False,False,False,False
1503960366,2016-04-23,14371,9.04,9.04,0.0,2.81,0.87,5.36,0.0,41,21,262,732,1949,1.72,77.45,52.0,135.5,1.0,361.0,384.0,62.5,24.39,23.5,True,False,False,False
1503960366,2016-04-24,10039,6.41,6.41,0.0,2.92,0.21,3.28,0.0,39,5,238,709,1788,1.58,77.45,52.0,135.5,1.0,430.0,449.0,62.5,24.39,23.5,True,False,False,False
1503960366,2016-04-25,15355,9.8,9.8,0.0,5.29,0.57,3.94,0.0,73,14,216,814,2013,1.78,77.45,52.0,135.5,1.0,277.0,323.0,62.5,24.39,23.5,True,False,False,False
1503960366,2016-04-26,13755,8.79,8.79,0.0,2.33,0.92,5.54,0.0,31,23,279,833,1970,1.74,77.45,52.0,135.5,1.0,245.0,274.0,62.5,24.39,23.5,True,False,False,False
1503960366,2016-04-27,18134,12.21,12.21,0.0,6.4,0.41,5.41,0.0,78,11,243,1108,2159,1.91,77.45,52.0,135.5,1.0,432.5,463.0,62.5,24.39,23.5,False,False,False,False
1503960366,2016-04-28,13154,8.53,8.53,0.0,3.54,1.16,3.79,0.0,48,28,189,782,1898,1.68,77.45,52.0,135.5,1.0,366.0,393.0,62.5,24.39,23.5,True,False,False,False
1503960366,2016-04-29,11181,7.15,7.15,0.0,1.06,0.5,5.58,0.0,16,12,243,815,1837,1.62,77.45,52.0,135.5,1.0,341.0,354.0,62.5,24.39,23.5,True,False,False,False
1503960366,2016-04-30,14673,9.25,9.25,0.0,3.56,1.42,4.27,0.0,52,34,217,712,1947,1.72,77.45,52.0,135.5,1.0,404.0,425.0,62.5,24.39,23.5,True,False,False,False
1503960366,2016-05-01,10602,6.81,6.81,0.0,2.29,1.6,2.92,0.0,33,35,246,730,1820,1.62,77.45,52.0,135.5,1.0,369.0,396.0,62.5,24.39,23.5,True,False,False,False
1503960366,2016-05-02,14727,9.71,9.71,0.0,3.21,0.57,5.92,0.0,41,15,277,798,2004,1.78,77.45,52.0,135.5,1.0,277.0,309.0,52.6,22.65,22.0,True,True,False,False
1503960366,2016-05-03,15103,9.66,9.66,0.0,3.73,1.05,4.88,0.0,50,24,254,816,1990,1.77,77.45,52.0,135.5,1.0,273.0,296.0,52.6,22.65,23.5,True,True,False,False
1503960366,2016-05-04,11100,7.15,7.15,0.0,2.46,0.87,3.82,0.0,36,22,203,1179,1819,1.62,77.45,52.0,135.5,1.0,432.5,463.0,62.5,24.39,23.5,False,False,False,False
1503960366,2016-05-05,14070,8.9,8.9,0.0,2.92,1.08,4.88,0.0,45,24,250,857,1959,1.74,77.45,52.0,135.5,1.0,247.0,264.0,62.5,24.39,23.5,True,False,False,False
1503960366,2016-05-06,12159,8.03,8.03,0.0,1.97,0.25,5.81,0.0,24,6,289,754,1896,1.69,77.45,52.0,135.5,1.0,334.0,367.0,62.5,24.39,23.5,True,False,False,False
1503960366,2016-05-07,11992,7.71,7.71,0.0,2.46,2.12,3.13,0.0,37,46,175,833,1821,1.62,77.45,52.0,135.5,1.0,331.0,349.0,62.5,24.39,23.5,True,False,False,False
1503960366,2016-05-08,10060,6.58,6.58,0.0,3.53,0.32,2.73,0.0,44,8,203,574,1740,1.55,77.45,52.0,135.5,1.0,594.0,611.0,62.5,24.39,23.5,True,False,False,False
1503960366,2016-05-09,12022,7.72,7.72,0.0,3.45,0.53,3.74,0.0,46,11,206,835,1819,1.62,77.45,52.0,135.5,1.0,338.0,342.0,62.5,24.39,23.5,True,False,False,False
1503960366,2016-05-10,12207,7.77,7.77,0.0,3.35,1.16,3.26,0.0,46,31,214,746,1859,1.65,77.45,52.0,135.5,1.0,383.0,403.0,62.5,24.39,23.5,True,False,False,False
1503960366,2016-05-11,12770,8.13,8.13,0.0,2.56,1.01,4.55,0.0,36,23,251,669,1783,1.75,77.45,52.0,135.5,1.0,285.0,306.0,62.5,24.39,23.5,True,False,False,False
1503960366,2016-05-12,0,0.0,0.0,0.0,0.0,0.0,0.0,0.0,0,0,0,1440,0,1.47,77.45,52.0,135.5,1.0,432.5,463.0,62.5,24.39,23.5,False,False,False,True
1624580081,2016-04-12,8163,5.31,5.31,0.0,0.0,0.0,5.31,0.0,0,0,146,1294,1432,1.2,77.45,52.0,135.5,1.0,432.5,463.0,62.5,24.39,23.5,False,False,False,False
1624580081,2016-04-13,7007,4.55,4.55,0.0,0.0,0.0,4.55,0.0,0,0,148,1292,1411,1.18,77.45,52.0,135.5,1.0,432.5,463.0,62.5,24.39,23.5,False,False,False,False
1624580081,2016-04-14,9107,5.92,5.92,0.0,0.0,0.0,5.91,0.01,0,0,236,1204,1572,1.31,77.45,52.0,135.5,1.0,432.5,463.0,62.5,24.39,23.5,False,False,False,False
1624580081,2016-04-15,1510,0.98,0.98,0.0,0.0,0.0,0.97,0.0,0,0,96,1344,1344,1.12,77.45,52.0,135.5,1.0,432.5,463.0,62.5,24.39,23.5,False,False,False,False
1624580081,2016-04-16,5370,3.49,3.49,0.0,0.0,0.0,3.49,0.0,0,0,176,1264,1463,1.22,77.45,52.0,135.5,1.0,432.5,463.0,62.5,24.39,23.5,False,False,False,False
1624580081,2016-04-17,6175,4.06,4.06,0.0,1.03,1.52,1.49,0.01,15,22,127,1276,1554,1.3,77.45,52.0,135.5,1.0,432.5,463.0,62.5,24.39,23.5,False,False,False,False
1624580081,2016-04-18,10536,7.41,7.41,0.0,2.15,0.62,4.62,0.01,17,7,202,1214,1604,1.34,77.45,52.0,135.5,1.0,432.5,463.0,62.5,24.39,23.5,False,False,False,False
1624580081,2016-04-19,2916,1.9,1.9,0.0,0.0,0.0,1.9,0.0,0,0,141,1299,1435,1.2,77.45,52.0,135.5,1.0,432.5,463.0,62.5,24.39,23.5,False,False,False,False
1624580081,2016-04-20,4974,3.23,3.23,0.0,0.0,0.0,3.23,0.0,0,0,151,1289,1446,1.21,77.45,52.0,135.5,1.0,432.5,463.0,62.5,24.39,23.5,False,False,False,False
1624580081,2016-04-21,6349,4.13,4.13,0.0,0.0,0.0,4.11,0.02,0,0,186,1254,1467,1.23,77.45,52.0,135.5,1.0,432.5,463.0,62.5,24.39,23.5,False,False,False,False
1624580081,2016-04-22,4026,2.62,2.62,0.0,0.0,0.0,2.6,0.0,0,0,199,1241,1470,1.23,77.45,52.0,135.5,1.0,432.5,463.0,62.5,24.39,23.5,False,False,False,False
1624580081,2016-04-23,8538,5.55,5.55,0.0,0.0,0.0,5.54,0.01,0,0,227,1213,1562,1.31,77.45,52.0,135.5,1.0,432.5,463.0,62.5,24.39,23.5,False,False,False,False
1624580081,2016-04-24,6076,3.95,3.95,0.0,1.15,0.91,1.89,0.0,16,18,185,1221,1617,1.35,77.45,52.0,135.5,1.0,432.5,463.0,62.5,24.39,23.5,False,False,False,False
1624580081,2016-04-25,6497,4.22,4.22,0.0,0.0,0.0,4.2,0.02,0,0,202,1238,1492,1.25,77.45,52.0,135.5,1.0,432.5,463.0,62.5,24.39,23.5,False,False,False,False
1624580081,2016-04-26,2826,1.84,1.84,0.0,0.0,0.0,1.83,0.01,0,0,140,1300,1402,1.17,77.45,52.0,135.5,1.0,432.5,463.0,62.5,24.39,23.5,False,False,False,False
1624580081,2016-04-27,8367,5.44,5.44,0.0,1.11,1.87,2.46,0.0,17,36,154,1233,1670,1.4,77.45,52.0,135.5,1.0,432.5,463.0,62.5,24.39,23.5,False,False,False,False
1624580081,2016-04-28,2759,1.79,1.79,0.0,0.0,0.2,1.6,0.0,0,5,115,1320,1401,1.17,77.45,52.0,135.5,1.0,432.5,463.0,62.5,24.39,23.5,False,False,False,False
1624580081,2016-04-29,2390,1.55,1.55,0.0,0.0,0.0,1.55,0.0,0,0,150,1290,1404,1.17,77.45,52.0,135.5,1.0,432.5,463.0,62.5,24.39,23.5,False,False,False,False
1624580081,2016-04-30,6474,4.3,4.3,0.0,0.9,1.28,2.12,0.01,11,23,224,1182,1655,1.38,77.45,52.0,135.5,1.0,432.5,463.0,62.5,24.39,23.5,False,False,False,False
1624580081,2016-05-01,36019,28.03,28.03,0.0,21.92,4.19,1.91,0.02,186,63,171,1020,2690,2.25,77.45,52.0,135.5,1.0,432.5,463.0,62.5,24.39,23.5,False,False,False,False
1624580081,2016-05-02,7155,4.93,4.93,0.0,0.86,0.59,3.47,0.0,7,6,166,1261,1497,1.25,77.45,52.0,135.5,1.0,432.5,463.0,62.5,24.39,23.5,False,False,False,False
1624580081,2016-05-03,2100,1.37,1.37,0.0,0.0,0.0,1.34,0.02,0,0,96,1344,1334,1.12,77.45,52.0,135.5,1.0,432.5,463.0,62.5,24.39,23.5,False,False,False,False
1624580081,2016-05-04,2193,1.43,1.43,0.0,0.0,0.0,1.42,0.0,0,0,118,1322,1368,1.14,77.45,52.0,135.5,1.0,432.5,463.0,62.5,24.39,23.5,False,False,False,False
1624580081,2016-05-05,2470,1.61,1.61,0.0,0.0,0.0,1.58,0.02,0,0,117,1323,1370,1.15,77.45,52.0,135.5,1.0,432.5,463.0,62.5,24.39,23.5,False,False,False,False
1624580081,2016-05-06,1727,1.12,1.12,0.0,0.0,0.0,1.12,0.01,0,0,102,1338,1341,1.12,77.45,52.0,135.5,1.0,432.5,463.0,62.5,24.39,23.5,False,False,False,False
1624580081,2016-05-07,2104,1.37,1.37,0.0,0.0,0.0,1.37,0.0,0,0,182,1258,1474,1.23,77.45,52.0,135.5,1.0,432.5,463.0,62.5,24.39,23.5,False,False,False,False
1624580081,2016-05-08,3427,2.23,2.23,0.0,0.0,0.0,2.22,0.0,0,0,152,1288,1427,1.19,77.45,52.0,135.5,1.0,432.5,463.0,62.5,24.39,23.5,False,False,False,False
1624580081,2016-05-09,1732,1.13,1.13,0.0,0.0,0.0,1.13,0.0,0,0,91,1349,1328,1.11,77.45,52.0,135.5,1.0,432.5,463.0,62.5,24.39,23.5,False,False,False,False
1624580081,2016-05-10,2969,1.93,1.93,0.0,0.0,0.0,1.92,0.01,0,0,139,1301,1393,1.16,77.45,52.0,135.5,1.0,432.5,463.0,62.5,24.39,23.5,False,False,False,False
1624580081,2016-05-11,3134,2.04,2.04,0.0,0.0,0.0,2.04,0.0,0,0,112,1328,1359,1.14,77.45,52.0,135.5,1.0,432.5,463.0,62.5,24.39,23.5,False,False,False,False
1624580081,2016-05-12,2971,1.93,1.93,0.0,0.0,0.0,1.92,0.01,0,0,107,890,1002,1.2,77.45,52.0,135.5,1.0,432.5,463.0,62.5,24.39,23.5,False,False,False,False
1644430081,2016-04-12,10694,7.77,7.77,0.0,0.14,2.3,5.33,0.0,2,51,256,1131,3199,1.58,77.45,52.0,135.5,1.0,432.5,463.0,62.5,24.39,23.5,False,False,False,False
1644430081,2016-04-13,8001,5.82,5.82,0.0,2.28,0.9,2.64,0.0,30,16,135,1259,2902,1.43,77.45,52.0,135.5,1.0,432.5,463.0,62.5,24.39,23.5,False,False,False,False
1644430081,2016-04-14,11037,8.02,8.02,0.0,0.36,2.56,5.1,0.0,5,58,252,1125,3226,1.59,77.45,52.0,135.5,1.0,432.5,463.0,62.5,24.39,23.5,False,False,False,False
1644430081,2016-04-15,5263,3.83,3.83,0.0,0.22,0.15,3.45,0.0,3,4,170,1263,2750,1.36,77.45,52.0,135.5,1.0,432.5,463.0,62.5,24.39,23.5,False,False,False,False
1644430081,2016-04-16,15300,11.12,11.12,0.0,4.1,1.88,5.09,0.0,51,42,212,1135,3493,1.73,77.45,52.0,135.5,1.0,432.5,463.0,62.5,24.39,23.5,False,False,False,False
1644430081,2016-04-17,8757,6.37,6.37,0.0,2.25,0.57,3.55,0.0,29,13,186,1212,3011,1.49,77.45,52.0,135.5,1.0,432.5,463.0,62.5,24.39,23.5,False,False,False,False
1644430081,2016-04-18,7132,5.19,5.19,0.0,1.07,1.67,2.45,0.0,15,33,121,1271,2806,1.39,77.45,52.0,135.5,1.0,432.5,463.0,62.5,24.39,23.5,False,False,False,False
1644430081,2016-04-19,11256,8.18,8.18,0.0,0.36,2.53,5.3,0.0,5,58,278,1099,3300,1.61,77.45,52.0,135.5,1.0,432.5,463.0,62.5,24.39,23.5,False,False,False,False
1644430081,2016-04-20,2436,1.77,1.77,0.0,0.0,0.0,1.76,0.01,0,0,125,1315,2430,1.2,77.45,52.0,135.5,1.0,432.5,463.0,62.5,24.39,23.5,False,False,False,False
1644430081,2016-04-21,1223,0.89,0.89,0.0,0.0,0.0,0.88,0.01,0,0,38,1402,2140,1.06,77.45,52.0,135.5,1.0,432.5,463.0,62.5,24.39,23.5,False,False,False,False
1644430081,2016-04-22,3673,2.67,2.67,0.0,0.0,0.0,2.66,0.01,0,0,86,1354,2344,1.16,77.45,52.0,135.5,1.0,432.5,463.0,62.5,24.39,23.5,False,False,False,False
1644430081,2016-04-23,6637,4.83,4.83,0.0,0.0,0.58,4.25,0.0,0,15,160,1265,2677,1.32,77.45,52.0,135.5,1.0,432.5,463.0,62.5,24.39,23.5,False,False,False,False
1644430081,2016-04-24,3321,2.41,2.41,0.0,0.0,0.0,2.41,0.0,0,0,89,1351,2413,1.19,77.45,52.0,135.5,1.0,432.5,463.0,62.5,24.39,23.5,False,False,False,False
1644430081,2016-04-25,3580,2.6,2.6,0.0,0.59,0.06,1.95,0.0,8,1,94,1337,2497,1.23,77.45,52.0,135.5,1.0,432.5,463.0,62.5,24.39,23.5,False,False,False,False
1644430081,2016-04-26,9919,7.21,7.21,0.0,0.8,1.72,4.69,0.0,11,41,223,1165,3123,1.54,77.45,52.0,135.5,1.0,432.5,463.0,62.5,24.39,23.5,False,False,False,False
1644430081,2016-04-27,3032,2.2,2.2,0.0,0.0,0.0,2.2,0.0,0,0,118,1322,2489,1.23,77.45,52.0,135.5,1.0,432.5,463.0,62.5,24.39,23.5,False,False,False,False
1644430081,2016-04-28,9405,6.84,6.84,0.0,0.2,2.32,4.31,0.0,3,53,227,1157,3108,1.54,77.45,52.0,135.5,1.0,432.5,463.0,62.5,24.39,23.5,False,False,False,False
1644430081,2016-04-29,3176,2.31,2.31,0.0,0.0,0.0,2.31,0.0,0,0,120,1193,2498,1.23,77.45,52.0,135.5,1.0,119.0,127.0,62.5,24.39,23.5,True,False,False,False
1644430081,2016-04-30,18213,13.24,13.24,0.0,0.63,3.14,9.46,0.0,9,71,402,816,3846,1.9,77.45,52.0,135.5,1.0,124.0,142.0,62.5,24.39,23.5,True,False,False,False
1644430081,2016-05-01,6132,4.46,4.46,0.0,0.24,0.99,3.23,0.0,3,24,146,908,2696,1.33,77.45,52.0,135.5,1.0,432.5,463.0,62.5,24.39,23.5,False,False,False,False
1644430081,2016-05-02,3758,2.73,2.73,0.0,0.07,0.31,2.35,0.0,1,7,148,682,2580,1.25,77.45,52.0,135.5,1.0,796.0,961.0,62.5,24.39,23.5,True,False,False,False
1644430081,2016-05-03,12850,9.34,9.34,0.0,0.72,4.09,4.54,0.0,10,94,221,1115,3324,1.64,77.45,52.0,135.5,1.0,432.5,463.0,62.5,24.39,23.5,False,False,False,False
1644430081,2016-05-04,2309,1.68,1.68,0.0,0.0,0.0,1.66,0.02,0,0,52,1388,2222,1.1,77.45,52.0,135.5,1.0,432.5,463.0,62.5,24.39,23.5,False,False,False,False
1644430081,2016-05-05,4363,3.19,3.19,0.0,0.52,0.54,2.13,0.01,6,12,81,1341,2463,1.22,77.45,52.0,135.5,1.0,432.5,463.0,62.5,24.39,23.5,False,False,False,False
1644430081,2016-05-06,9787,7.12,7.12,0.0,0.82,0.27,6.01,0.02,11,6,369,1054,3328,1.67,77.45,52.0,135.5,1.0,432.5,463.0,62.5,24.39,23.5,False,False,False,False
1644430081,2016-05-07,13372,9.72,9.72,0.0,3.26,0.79,5.67,0.01,41,17,243,1139,3404,1.68,77.45,52.0,135.5,1.0,432.5,463.0,62.5,24.39,23.5,False,False,False,False
1644430081,2016-05-08,6724,4.89,4.89,0.0,0.0,0.0,4.88,0.0,0,0,295,991,2987,1.48,77.45,52.0,135.5,1.0,137.0,154.0,62.5,24.39,23.5,True,False,False,False
1644430081,2016-05-09,6643,4.83,4.83,0.0,2.39,0.35,2.09,0.01,32,6,303,1099,3008,1.49,77.45,52.0,135.5,1.0,432.5,463.0,62.5,24.39,23.5,False,False,False,False
1644430081,2016-05-10,9167,6.66,6.66,0.0,0.88,0.81,4.97,0.01,12,19,155,1254,2799,1.38,77.45,52.0,135.5,1.0,432.5,463.0,62.5,24.39,23.5,False,False,False,False
1644430081,2016-05-11,1329,0.97,0.97,0.0,0.0,0.0,0.95,0.01,0,0,49,713,1276,1.17,77.45,52.0,135.5,1.0,432.5,463.0,62.5,24.39,23.5,False,False,False,False
1844505072,2016-04-12,6697,4.43,4.43,0.0,0.0,0.0,4.43,0.0,0,0,339,1101,2030,1.51,77.45,52.0,135.5,1.0,432.5,463.0,62.5,24.39,23.5,False,False,False,False
1844505072,2016-04-13,4929,3.26,3.26,0.0,0.0,0.0,3.26,0.0,0,0,248,1192,1860,1.38,77.45,52.0,135.5,1.0,432.5,463.0,62.5,24.39,23.5,False,False,False,False
1844505072,2016-04-14,7937,5.25,5.25,0.0,0.0,0.0,5.23,0.0,0,0,373,843,2130,1.58,77.45,52.0,135.5,1.0,432.5,463.0,62.5,24.39,23.5,False,False,False,False
1844505072,2016-04-15,3844,2.54,2.54,0.0,0.0,0.0,2.54,0.0,0,0,176,527,1725,1.28,77.45,52.0,135.5,1.0,644.0,961.0,62.5,24.39,23.5,True,False,False,False
1844505072,2016-04-16,3414,2.26,2.26,0.0,0.0,0.0,2.26,0.0,0,0,147,1293,1657,1.23,77.45,52.0,135.5,1.0,432.5,463.0,62.5,24.39,23.5,False,False,False,False
1844505072,2016-04-17,4525,2.99,2.99,0.0,0.14,0.26,2.59,0.0,2,8,199,1231,1793,1.33,77.45,52.0,135.5,1.0,432.5,463.0,62.5,24.39,23.5,False,False,False,False
1844505072,2016-04-18,4597,3.04,3.04,0.0,0.0,0.48,2.56,0.0,0,12,217,1211,1814,1.35,77.45,52.0,135.5,1.0,432.5,463.0,62.5,24.39,23.5,False,False,False,False
1844505072,2016-04-19,197,0.13,0.13,0.0,0.0,0.0,0.13,0.0,0,0,10,1430,1366,1.01,77.45,52.0,135.5,1.0,432.5,463.0,62.5,24.39,23.5,False,False,False,False
1844505072,2016-04-20,8,0.01,0.01,0.0,0.0,0.0,0.01,0.0,0,0,1,1439,1349,1.0,77.45,52.0,135.5,1.0,432.5,463.0,62.5,24.39,23.5,False,False,False,False
1844505072,2016-04-21,8054,5.32,5.32,0.0,0.12,0.52,4.68,0.0,2,13,308,1117,2062,1.53,77.45,52.0,135.5,1.0,432.5,463.0,62.5,24.39,23.5,False,False,False,False
1844505072,2016-04-22,5372,3.55,3.55,0.0,0.0,0.0,3.55,0.0,0,0,220,1220,1827,1.36,77.45,52.0,135.5,1.0,432.5,463.0,62.5,24.39,23.5,False,False,False,False
1844505072,2016-04-23,3570,2.36,2.36,0.0,0.0,0.0,2.36,0.0,0,0,139,1301,1645,1.22,77.45,52.0,135.5,1.0,432.5,463.0,62.5,24.39,23.5,False,False,False,False
1844505072,2016-04-24,0,0.0,0.0,0.0,0.0,0.0,0.0,0.0,0,0,0,1440,1347,1.0,77.45,52.0,135.5,1.0,432.5,463.0,62.5,24.39,23.5,False,False,False,True
1844505072,2016-04-25,0,0.0,0.0,0.0,0.0,0.0,0.0,0.0,0,0,0,1440,1347,1.0,77.45,52.0,135.5,1.0,432.5,463.0,62.5,24.39,23.5,False,False,False,True
1844505072,2016-04-26,0,0.0,0.0,0.0,0.0,0.0,0.0,0.0,0,0,0,1440,1347,1.0,77.45,52.0,135.5,1.0,432.5,463.0,62.5,24.39,23.5,False,False,False,True
1844505072,2016-04-27,4,0.0,0.0,0.0,0.0,0.0,0.0,0.0,0,0,1,1439,1348,1.0,77.45,52.0,135.5,1.0,432.5,463.0,62.5,24.39,23.5,False,False,False,False
1844505072,2016-04-28,6907,4.57,4.57,0.0,0.0,0.0,4.56,0.0,0,0,302,1138,1992,1.48,77.45,52.0,135.5,1.0,432.5,463.0,62.5,24.39,23.5,False,False,False,False
1844505072,2016-04-29,4920,3.25,3.25,0.0,0.0,0.0,3.25,0.0,0,0,247,1082,1856,1.38,77.45,52.0,135.5,1.0,432.5,463.0,62.5,24.39,23.5,False,False,False,False
1844505072,2016-04-30,4014,2.67,2.67,0.0,0.0,0.0,2.65,0.0,0,0,184,218,1763,1.31,77.45,52.0,135.5,1.0,722.0,961.0,62.5,24.39,23.5,True,False,False,False
1844505072,2016-05-01,2573,1.7,1.7,0.0,0.0,0.26,1.45,0.0,0,7,75,585,1541,1.14,77.45,52.0,135.5,1.0,590.0,961.0,62.5,24.39,23.5,True,False,False,False
1844505072,2016-05-02,0,0.0,0.0,0.0,0.0,0.0,0.0,0.0,0,0,0,1440,1348,1.0,77.45,52.0,135.5,1.0,432.5,463.0,62.5,24.39,23.5,False,False,False,True
1844505072,2016-05-03,4059,2.68,2.68,0.0,0.0,0.0,2.68,0.0,0,0,184,1256,1742,1.29,77.45,52.0,135.5,1.0,432.5,463.0,62.5,24.39,23.5,False,False,False,False
1844505072,2016-05-04,2080,1.37,1.37,0.0,0.0,0.0,1.37,0.0,0,0,87,1353,1549,1.15,77.45,52.0,135.5,1.0,432.5,463.0,62.5,24.39,23.5,False,False,False,False
1844505072,2016-05-05,2237,1.48,1.48,0.0,0.0,0.0,1.48,0.0,0,0,120,1320,1589,1.18,77.45,52.0,135.5,1.0,432.5,463.0,62.5,24.39,23.5,False,False,False,False
1844505072,2016-05-06,44,0.03,0.03,0.0,0.0,0.0,0.03,0.0,0,0,2,1438,1351,1.0,77.45,52.0,135.5,1.0,432.5,463.0,62.5,24.39,23.5,False,False,False,False
1844505072,2016-05-07,0,0.0,0.0,0.0,0.0,0.0,0.0,0.0,0,0,0,1440,1347,1.0,77.45,52.0,135.5,1.0,432.5,463.0,62.5,24.39,23.5,False,False,False,True
1844505072,2016-05-08,0,0.0,0.0,0.0,0.0,0.0,0.0,0.0,0,0,0,1440,1347,1.0,77.45,52.0,135.5,1.0,432.5,463.0,62.5,24.39,23.5,False,False,False,True
1844505072,2016-05-09,0,0.0,0.0,0.0,0.0,0.0,0.0,0.0,0,0,0,1440,1347,1.0,77.45,52.0,135.5,1.0,432.5,463.0,62.5,24.39,23.5,False,False,False,True
1844505072,2016-05-10,0,0.0,0.0,0.0,0.0,0.0,0.0,0.0,0,0,0,1440,1347,1.0,77.45,52.0,135.5,1.0,432.5,463.0,62.5,24.39,23.5,False,False,False,True
1844505072,2016-05-11,0,0.0,0.0,0.0,0.0,0.0,0.0,0.0,0,0,0,1440,1347,1.0,77.45,52.0,135.5,1.0,432.5,463.0,62.5,24.39,23.5,False,False,False,True
1844505072,2016-05-12,0,0.0,0.0,0.0,0.0,0.0,0.0,0.0,0,0,0,711,665,1.0,77.45,52.0,135.5,1.0,432.5,463.0,62.5,24.39,23.5,False,False,False,False
1927972279,2016-04-12,678,0.47,0.47,0.0,0.0,0.0,0.47,0.0,0,0,55,734,2220,1.08,77.45,52.0,135.5,3.0,750.0,775.0,62.5,24.39,23.5,True,False,False,False
1927972279,2016-04-13,356,0.25,0.25,0.0,0.0,0.0,0.25,0.0,0,0,32,986,2151,1.04,77.45,52.0,135.5,1.0,398.0,422.0,133.5,47.54,23.5,True,True,False,False
1927972279,2016-04-14,2163,1.5,1.5,0.0,0.0,0.4,1.1,0.0,0,9,88,1292,2383,1.16,77.45,52.0,135.5,1.0,432.5,463.0,62.5,24.39,23.5,False,False,False,False
1927972279,2016-04-15,980,0.68,0.68,0.0,0.0,0.0,0.68,0.0,0,0,51,941,2221,1.08,77.45,52.0,135.5,2.0,475.0,499.0,62.5,24.39,23.5,True,False,False,False
1927972279,2016-04-16,0,0.0,0.0,0.0,0.0,0.0,0.0,0.0,0,0,0,1440,2064,1.0,77.45,52.0,135.5,1.0,432.5,463.0,62.5,24.39,23.5,False,False,False,True
1927972279,2016-04-17,0,0.0,0.0,0.0,0.0,0.0,0.0,0.0,0,0,0,1440,2063,1.0,77.45,52.0,135.5,1.0,432.5,463.0,62.5,24.39,23.5,False,False,False,True
1927972279,2016-04-18,244,0.17,0.17,0.0,0.0,0.0,0.17,0.0,0,0,17,1423,2111,1.02,77.45,52.0,135.5,1.0,432.5,463.0,62.5,24.39,23.5,False,False,False,False
1927972279,2016-04-19,0,0.0,0.0,0.0,0.0,0.0,0.0,0.0,0,0,0,1440,2063,1.0,77.45,52.0,135.5,1.0,432.5,463.0,62.5,24.39,23.5,False,False,False,True
1927972279,2016-04-20,0,0.0,0.0,0.0,0.0,0.0,0.0,0.0,0,0,0,1440,2063,1.0,77.45,52.0,135.5,1.0,432.5,463.0,62.5,24.39,23.5,False,False,False,True
1927972279,2016-04-21,0,0.0,0.0,0.0,0.0,0.0,0.0,0.0,0,0,0,1440,2064,1.0,77.45,52.0,135.5,1.0,432.5,463.0,62.5,24.39,23.5,False,False,False,True
1927972279,2016-04-22,149,0.1,0.1,0.0,0.0,0.0,0.1,0.0,0,0,10,1430,2093,1.01,77.45,52.0,135.5,1.0,432.5,463.0,62.5,24.39,23.5,False,False,False,False
1927972279,2016-04-23,2945,2.04,2.04,0.0,0.0,0.0,2.04,0.0,0,0,145,1295,2499,1.21,77.45,52.0,135.5,1.0,432.5,463.0,62.5,24.39,23.5,False,False,False,False
1927972279,2016-04-24,2090,1.45,1.45,0.0,0.07,0.24,1.14,0.0,1,6,75,1358,2324,1.13,77.45,52.0,135.5,1.0,432.5,463.0,62.5,24.39,23.5,False,False,False,False
1927972279,2016-04-25,152,0.11,0.11,0.0,0.0,0.0,0.11,0.0,0,0,12,1303,2100,1.02,77.45,52.0,135.5,1.0,432.5,463.0,62.5,24.39,23.5,False,False,False,False
1927972279,2016-04-26,3761,2.6,2.6,0.0,0.0,0.0,2.6,0.0,0,0,192,1058,2638,1.28,77.45,52.0,135.5,1.0,296.0,315.0,62.5,24.39,23.5,True,False,False,False
1927972279,2016-04-27,0,0.0,0.0,0.0,0.0,0.0,0.0,0.0,0,0,0,1440,2063,1.0,77.45,52.0,135.5,1.0,432.5,463.0,62.5,24.39,23.5,False,False,False,True
1927972279,2016-04-28,1675,1.16,1.16,0.0,0.0,0.0,1.16,0.0,0,0,95,1167,2351,1.14,77.45,52.0,135.5,1.0,166.0,178.0,62.5,24.39,23.5,True,False,False,False
1927972279,2016-04-29,0,0.0,0.0,0.0,0.0,0.0,0.0,0.0,0,0,0,1440,2063,1.0,77.45,52.0,135.5,1.0,432.5,463.0,62.5,24.39,23.5,False,False,False,True
1927972279,2016-04-30,0,0.0,0.0,0.0,0.0,0.0,0.0,0.0,0,0,0,1440,2064,1.0,77.45,52.0,135.5,1.0,432.5,463.0,62.5,24.39,23.5,False,False,False,True
1927972279,2016-05-01,2704,1.87,1.87,0.0,1.01,0.03,0.83,0.0,14,1,70,1355,2411,1.17,77.45,52.0,135.5,1.0,432.5,463.0,62.5,24.39,23.5,False,False,False,False
1927972279,2016-05-02,3790,2.62,2.62,0.0,1.16,0.3,1.16,0.0,16,8,94,1322,2505,1.21,77.45,52.0,135.5,1.0,432.5,463.0,62.5,24.39,23.5,False,False,False,False
1927972279,2016-05-03,1326,0.92,0.92,0.0,0.73,0.0,0.18,0.0,10,0,17,1413,2195,1.06,77.45,52.0,135.5,1.0,432.5,463.0,62.5,24.39,23.5,False,False,False,False
1927972279,2016-05-04,1786,1.24,1.24,0.0,0.0,0.0,1.24,0.0,0,0,87,1353,2338,1.13,77.45,52.0,135.5,1.0,432.5,463.0,62.5,24.39,23.5,False,False,False,False
1927972279,2016-05-05,0,0.0,0.0,0.0,0.0,0.0,0.0,0.0,0,0,0,1440,2063,1.0,77.45,52.0,135.5,1.0,432.5,463.0,62.5,24.39,23.5,False,False,False,True
1927972279,2016-05-06,2091,1.45,1.45,0.0,0.0,0.0,1.45,0.0,0,0,108,1332,2383,1.16,77.45,52.0,135.5,1.0,432.5,463.0,62.5,24.39,23.5,False,False,False,False
1927972279,2016-05-07,1510,1.04,1.04,0.0,0.0,0.0,1.04,0.0,0,0,48,1392,2229,1.08,77.45,52.0,135.5,1.0,432.5,463.0,62.5,24.39,23.5,False,False,False,False
1927972279,2016-05-08,0,0.0,0.0,0.0,0.0,0.0,0.0,0.0,0,0,0,1440,2063,1.0,77.45,52.0,135.5,1.0,432.5,463.0,62.5,24.39,23.5,False,False,False,True
1927972279,2016-05-09,0,0.0,0.0,0.0,0.0,0.0,0.0,0.0,0,0,0,1440,2063,1.0,77.45,52.0,135.5,1.0,432.5,463.0,62.5,24.39,23.5,False,False,False,True
1927972279,2016-05-10,0,0.0,0.0,0.0,0.0,0.0,0.0,0.0,0,0,0,1440,2063,1.0,77.45,52.0,135.5,1.0,432.5,463.0,62.5,24.39,23.5,False,False,False,True
1927972279,2016-05-11,0,0.0,0.0,0.0,0.0,0.0,0.0,0.0,0,0,0,1440,2063,1.0,77.45,52.0,135.5,1.0,432.5,463.0,62.5,24.39,23.5,False,False,False,True
1927972279,2016-05-12,0,0.0,0.0,0.0,0.0,0.0,0.0,0.0,0,0,0,966,1383,1.0,77.45,52.0,135.5,1.0,432.5,463.0,62.5,24.39,23.5,False,False,False,False
2022484408,2016-04-12,11875,8.34,8.34,0.0,3.31,0.77,4.26,0.0,42,14,227,1157,2390,1.6,75.8,52.0,134.0,1.0,432.5,463.0,62.5,24.39,23.5,False,False,True,False
2022484408,2016-04-13,12024,8.5,8.5,0.0,2.99,0.1,5.41,0.0,43,5,292,1100,2601,1.74,80.3,51.0,156.0,1.0,432.5,463.0,62.5,24.39,23.5,False,False,True,False
2022484408,2016-04-14,10690,7.5,7.5,0.0,2.48,0.21,4.82,0.0,32,3,257,1148,2312,1.55,72.6,50.0,127.0,1.0,432.5,463.0,62.5,24.39,23.5,False,False,True,False
2022484408,2016-04-15,11034,8.03,8.03,0.0,1.94,0.31,5.78,0.0,27,9,282,1122,2525,1.69,80.4,53.0,189.0,1.0,432.5,463.0,62.5,24.39,23.5,False,False,True,False
2022484408,2016-04-16,10100,7.09,7.09,0.0,3.15,0.55,3.39,0.0,41,11,151,1237,2177,1.46,76.0,49.0,136.0,1.0,432.5,463.0,62.5,24.39,23.5,False,False,True,False
2022484408,2016-04-17,15112,11.4,11.4,0.0,3.87,0.66,6.88,0.0,28,29,331,1052,2782,1.86,83.9,52.0,161.0,1.0,432.5,463.0,62.5,24.39,23.5,False,False,True,False
2022484408,2016-04-18,14131,10.07,10.07,0.0,3.64,0.12,6.3,0.0,48,3,311,1078,2770,1.85,82.7,54.0,153.0,1.0,432.5,463.0,62.5,24.39,23.5,False,False,True,False
2022484408,2016-04-19,11548,8.53,8.53,0.0,3.29,0.24,5.0,0.0,31,7,250,1152,2489,1.67,82.0,54.0,162.0,1.0,432.5,463.0,62.5,24.39,23.5,False,False,True,False
2022484408,2016-04-20,15112,10.67,10.67,0.0,3.34,1.93,5.4,0.0,48,63,276,1053,2897,1.94,83.4,50.0,166.0,1.0,432.5,463.0,62.5,24.39,23.5,False,False,True,False
2022484408,2016-04-21,12453,8.74,8.74,0.0,3.33,1.11,4.31,0.0,104,53,255,1028,3158,2.11,86.4,53.0,203.0,1.0,432.5,463.0,62.5,24.39,23.5,False,False,True,False
2022484408,2016-04-22,12954,9.33,9.33,0.0,4.43,0.42,4.47,0.0,52,10,273,1105,2638,1.77,80.1,52.0,153.0,1.0,432.5,463.0,62.5,24.39,23.5,False,False,True,False
2022484408,2016-04-23,6001,4.21,4.21,0.0,0.0,0.0,4.21,0.0,0,0,249,1191,2069,1.38,71.8,50.0,109.0,1.0,432.5,463.0,62.5,24.39,23.5,False,False,True,False
2022484408,2016-04-24,13481,10.28,10.28,0.0,4.55,1.15,4.58,0.0,37,26,216,1161,2529,1.69,82.4,53.0,163.0,1.0,432.5,463.0,62.5,24.39,23.5,False,False,True,False
2022484408,2016-04-25,11369,8.01,8.01,0.0,3.33,0.22,4.46,0.0,44,8,217,1171,2470,1.65,82.6,49.0,159.0,1.0,432.5,463.0,62.5,24.39,23.5,False,False,True,False
2022484408,2016-04-26,10119,7.19,7.19,0.0,1.43,0.66,5.11,0.0,55,24,275,1086,2793,1.87,83.3,51.0,154.0,1.0,432.5,463.0,62.5,24.39,23.5,False,False,True,False
2022484408,2016-04-27,10159,7.13,7.13,0.0,1.04,0.97,5.12,0.0,19,20,282,1119,2463,1.65,80.9,38.0,145.0,1.0,432.5,463.0,62.5,24.39,23.5,False,False,True,False
2022484408,2016-04-28,10140,7.12,7.12,0.0,0.41,1.33,5.39,0.0,6,20,291,1123,2296,1.54,71.3,51.0,114.0,1.0,432.5,463.0,62.5,24.39,23.5,False,False,True,False
2022484408,2016-04-29,10245,7.19,7.19,0.0,0.48,1.21,5.5,0.0,21,40,281,1098,2611,1.75,83.4,50.0,134.0,1.0,432.5,463.0,62.5,24.39,23.5,False,False,True,False
2022484408,2016-04-30,18387,12.91,12.91,0.0,0.94,1.4,10.57,0.0,13,23,361,1043,2732,1.83,77.5,51.0,123.0,1.0,432.5,463.0,62.5,24.39,23.5,False,False,True,False
2022484408,2016-05-01,10538,7.4,7.4,0.0,1.94,0.96,4.5,0.0,25,28,245,1142,2380,1.59,73.5,44.0,118.0,1.0,432.5,463.0,62.5,24.39,23.5,False,False,True,False
2022484408,2016-05-02,10379,7.29,7.29,0.0,2.61,0.34,4.33,0.0,36,8,277,1119,2473,1.66,77.2,50.0,137.0,1.0,432.5,463.0,62.5,24.39,23.5,False,False,True,False
2022484408,2016-05-03,12183,8.74,8.74,0.0,3.99,0.46,4.28,0.0,72,14,250,1104,2752,1.84,83.0,51.0,169.0,1.0,432.5,463.0,62.5,24.39,23.5,False,False,True,False
2022484408,2016-05-04,11768,8.29,8.29,0.0,2.51,0.93,4.85,0.0,36,27,272,1105,2649,1.77,82.8,54.0,159.0,1.0,432.5,463.0,62.5,24.39,23.5,False,False,True,False
2022484408,2016-05-05,11895,8.35,8.35,0.0,2.79,0.86,4.7,0.0,55,20,253,1112,2609,1.75,80.7,55.0,156.0,1.0,432.5,463.0,62.5,24.39,23.5,False,False,True,False
2022484408,2016-05-06,10227,7.18,7.18,0.0,1.87,0.67,4.64,0.0,24,17,295,1104,2498,1.67,81.7,60.0,118.0,1.0,432.5,463.0,62.5,24.39,23.5,False,False,True,False
2022484408,2016-05-07,6708,4.71,4.71,0.0,1.61,0.08,3.02,0.0,20,2,149,1269,1995,1.34,76.1,52.0,128.0,1.0,432.5,463.0,62.5,24.39,23.5,False,False,True,False
2022484408,2016-05-08,3292,2.31,2.31,0.0,0.0,0.0,2.31,0.0,0,0,135,1305,1848,1.24,77.0,53.0,127.0,1.0,432.5,463.0,62.5,24.39,23.5,False,False,True,False
2022484408,2016-05-09,13379,9.39,9.39,0.0,2.12,1.63,5.64,0.0,35,47,297,1061,2709,1.81,81.5,51.0,133.0,1.0,432.5,463.0,62.5,24.39,23.5,False,False,True,False
2022484408,2016-05-10,12798,8.98,8.98,0.0,2.22,1.21,5.56,0.0,57,28,271,1084,2797,1.87,86.6,57.0,166.0,1.0,432.5,463.0,62.5,24.39,23.5,False,False,True,False
2022484408,2016-05-11,13272,9.32,9.32,0.0,4.18,1.15,3.99,0.0,58,25,224,1133,2544,1.7,83.5,55.0,138.0,1.0,432.5,463.0,62.5,24.39,23.5,False,False,True,False
2022484408,2016-05-12,9117,6.41,6.41,0.0,1.28,0.67,4.44,0.0,16,16,236,728,1853,1.74,81.4,55.0,152.0,1.0,432.5,463.0,62.5,24.39,23.5,False,False,True,False
2026352035,2016-04-12,4414,2.74,2.74,0.0,0.19,0.35,2.2,0.0,3,8,181,706,1459,1.31,77.45,52.0,135.5,1.0,503.0,546.0,62.5,24.39,23.5,True,False,False,False
2026352035,2016-04-13,4993,3.1,3.1,0.0,0.0,0.0,3.1,0.0,0,0,238,663,1521,1.36,77.45,52.0,135.5,1.0,531.0,565.0,62.5,24.39,23.5,True,False,False,False
2026352035,2016-04-14,3335,2.07,2.07,0.0,0.0,0.0,2.05,0.0,0,0,197,653,1431,1.28,77.45,52.0,135.5,1.0,545.0,568.0,62.5,24.39,23.5,True,False,False,False
2026352035,2016-04-15,3821,2.37,2.37,0.0,0.0,0.0,2.37,0.0,0,0,188,687,1444,1.29,77.45,52.0,135.5,1.0,523.0,573.0,62.5,24.39,23.5,True,False,False,False
2026352035,2016-04-16,2547,1.58,1.58,0.0,0.0,0.0,1.58,0.0,0,0,150,728,1373,1.23,77.45,52.0,135.5,1.0,524.0,567.0,62.5,24.39,23.5,True,False,False,False
2026352035,2016-04-17,838,0.52,0.52,0.0,0.0,0.0,0.52,0.0,0,0,60,1053,1214,1.09,68.7,63.0,80.0,1.0,437.0,498.0,62.5,24.39,23.5,True,False,True,False
2026352035,2016-04-18,3325,2.06,2.06,0.0,0.0,0.0,2.06,0.0,0,0,182,1062,1419,1.27,77.45,52.0,135.5,1.0,432.5,463.0,62.5,24.39,23.5,False,False,False,False
2026352035,2016-04-19,2424,1.5,1.5,0.0,0.0,0.0,1.5,0.0,0,0,141,785,1356,1.22,77.45,52.0,135.5,1.0,498.0,540.0,62.5,24.39,23.5,True,False,False,False
2026352035,2016-04-20,7222,4.48,4.48,0.0,0.0,0.0,4.48,0.0,0,0,327,623,1667,1.49,77.45,52.0,135.5,1.0,461.0,510.0,62.5,24.39,23.5,True,False,False,False
2026352035,2016-04-21,2467,1.53,1.53,0.0,0.0,0.0,1.53,0.0,0,0,153,749,1370,1.23,77.45,52.0,135.5,1.0,477.0,514.0,62.5,24.39,23.5,True,False,False,False
2026352035,2016-04-22,2915,1.81,1.81,0.0,0.0,0.0,1.81,0.0,0,0,162,712,1399,1.25,77.45,52.0,135.5,1.0,520.0,545.0,62.5,24.39,23.5,True,False,False,False
2026352035,2016-04-23,12357,7.71,7.71,0.0,0.0,0.0,7.71,0.0,0,0,432,458,1916,1.72,77.45,52.0,135.5,1.0,522.0,554.0,62.5,24.39,23.5,True,False,False,False
2026352035,2016-04-24,3490,2.16,2.16,0.0,0.0,0.0,2.16,0.0,0,0,164,704,1401,1.26,77.45,52.0,135.5,1.0,555.0,591.0,62.5,24.39,23.5,True,False,False,False
2026352035,2016-04-25,6017,3.73,3.73,0.0,0.0,0.0,3.73,0.0,0,0,260,821,1576,1.41,99.5,70.0,125.0,1.0,506.0,531.0,62.5,24.39,23.5,True,False,True,False
2026352035,2016-04-26,5933,3.68,3.68,0.0,0.0,0.0,3.68,0.0,0,0,288,1018,1595,1.43,77.45,52.0,135.5,1.0,432.5,463.0,62.5,24.39,23.5,False,False,False,False
2026352035,2016-04-27,6088,3.77,3.77,0.0,0.0,0.0,3.77,0.0,0,0,286,586,1593,1.43,77.45,52.0,135.5,1.0,508.0,545.0,62.5,24.39,23.5,True,False,False,False
2026352035,2016-04-28,6375,3.95,3.95,0.0,0.0,0.0,3.95,0.0,0,0,331,626,1649,1.48,77.45,52.0,135.5,1.0,513.0,545.0,62.5,24.39,23.5,True,False,False,False
2026352035,2016-04-29,7604,4.71,4.71,0.0,0.0,0.0,4.71,0.0,0,0,352,492,1692,1.52,77.45,52.0,135.5,1.0,490.0,510.0,62.5,24.39,23.5,True,False,False,False
2026352035,2016-04-30,4729,2.93,2.93,0.0,0.0,0.0,2.93,0.0,0,0,233,594,1506,1.35,77.45,52.0,135.5,1.0,573.0,607.0,62.5,24.39,23.5,True,False,False,False
2026352035,2016-05-01,3609,2.28,2.28,0.0,0.0,0.0,2.28,0.0,0,0,191,716,1447,1.3,77.45,52.0,135.5,1.0,527.0,546.0,62.5,24.39,23.5,True,False,False,False
2026352035,2016-05-02,7018,4.35,4.35,0.0,0.0,0.0,4.35,0.0,0,0,355,716,1690,1.51,84.1,70.0,122.0,1.0,511.0,543.0,62.5,24.39,23.5,True,False,True,False
2026352035,2016-05-03,5992,3.72,3.72,0.0,0.0,0.0,3.72,0.0,0,0,304,981,1604,1.44,77.45,52.0,135.5,1.0,432.5,463.0,62.5,24.39,23.5,False,False,False,False
2026352035,2016-05-04,6564,4.07,4.07,0.0,0.0,0.0,4.07,0.0,0,0,345,530,1658,1.49,77.45,52.0,135.5,1.0,538.0,560.0,62.5,24.39,23.5,True,False,False,False
2026352035,2016-05-05,12167,7.54,7.54,0.0,0.0,0.0,7.54,0.0,0,0,475,479,1926,1.73,77.45,52.0,135.5,1.0,468.0,485.0,62.5,24.39,23.5,True,False,False,False
2026352035,2016-05-06,8198,5.08,5.08,0.0,0.0,0.0,5.08,0.0,0,0,383,511,1736,1.56,77.45,52.0,135.5,1.0,524.0,548.0,62.5,24.39,23.5,True,False,False,False
2026352035,2016-05-07,4193,2.6,2.6,0.0,0.0,0.0,2.6,0.0,0,0,229,665,1491,1.34,77.45,52.0,135.5,1.0,511.0,521.0,62.5,24.39,23.5,True,False,False,False
2026352035,2016-05-08,5528,3.45,3.45,0.0,0.0,0.0,3.45,0.0,0,0,258,610,1555,1.39,77.45,52.0,135.5,1.0,541.0,568.0,62.5,24.39,23.5,True,False,False,False
2026352035,2016-05-09,10685,6.62,6.62,0.0,0.0,0.0,6.6,0.0,0,0,401,543,1869,1.67,98.2,70.0,123.0,1.0,531.0,556.0,62.5,24.39,23.5,True,False,True,False
2026352035,2016-05-10,254,0.16,0.16,0.0,0.0,0.0,0.16,0.0,0,0,17,1002,1141,1.02,77.45,52.0,135.5,1.0,357.0,380.0,62.5,24.39,23.5,True,False,False,False
2026352035,2016-05-11,8580,5.32,5.32,0.0,0.0,0.0,5.32,0.0,0,0,330,569,1698,1.52,77.45,52.0,135.5,1.0,523.0,553.0,62.5,24.39,23.5,True,False,False,False
2026352035,2016-05-12,8891,5.51,5.51,0.0,0.0,0.0,5.51,0.0,0,0,343,330,1364,1.74,77.45,52.0,135.5,1.0,456.0,485.0,62.5,24.39,23.5,True,False,False,False
2320127002,2016-04-12,10725,7.49,7.49,0.0,1.17,0.31,6.01,0.0,13,9,306,1112,2124,1.6,77.45,52.0,135.5,1.0,432.5,463.0,62.5,24.39,23.5,False,False,False,False
2320127002,2016-04-13,7275,4.9,4.9,0.0,0.0,0.0,4.9,0.0,0,0,335,1105,2003,1.51,77.45,52.0,135.5,1.0,432.5,463.0,62.5,24.39,23.5,False,False,False,False
2320127002,2016-04-14,3973,2.68,2.68,0.0,0.0,0.0,2.68,0.0,0,0,191,1249,1696,1.28,77.45,52.0,135.5,1.0,432.5,463.0,62.5,24.39,23.5,False,False,False,False
2320127002,2016-04-15,5205,3.51,3.51,0.0,0.0,0.0,3.51,0.0,0,0,245,1195,1801,1.36,77.45,52.0,135.5,1.0,432.5,463.0,62.5,24.39,23.5,False,False,False,False
2320127002,2016-04-16,5057,3.41,3.41,0.0,0.0,0.0,3.4,0.0,0,0,195,1245,1724,1.3,77.45,52.0,135.5,1.0,432.5,463.0,62.5,24.39,23.5,False,False,False,False
2320127002,2016-04-17,6198,4.18,4.18,0.0,0.0,0.0,4.18,0.0,0,0,249,1191,1852,1.4,77.45,52.0,135.5,1.0,432.5,463.0,62.5,24.39,23.5,False,False,False,False
2320127002,2016-04-18,6559,4.42,4.42,0.0,0.0,0.26,4.14,0.0,0,7,260,1173,1905,1.44,77.45,52.0,135.5,1.0,432.5,463.0,62.5,24.39,23.5,False,False,False,False
2320127002,2016-04-19,5997,4.04,4.04,0.0,0.0,0.38,3.66,0.0,0,11,228,1201,1811,1.37,77.45,52.0,135.5,1.0,432.5,463.0,62.5,24.39,23.5,False,False,False,False
2320127002,2016-04-20,7192,4.85,4.85,0.0,0.0,0.49,4.34,0.0,0,11,283,1146,1922,1.45,77.45,52.0,135.5,1.0,432.5,463.0,62.5,24.39,23.5,False,False,False,False
2320127002,2016-04-21,3404,2.29,2.29,0.0,0.06,0.42,1.81,0.0,1,10,127,1302,1610,1.22,77.45,52.0,135.5,1.0,432.5,463.0,62.5,24.39,23.5,False,False,False,False
2320127002,2016-04-22,5583,3.76,3.76,0.0,0.0,0.0,3.76,0.0,0,0,266,1174,1851,1.4,77.45,52.0,135.5,1.0,432.5,463.0,62.5,24.39,23.5,False,False,False,False
2320127002,2016-04-23,5079,3.42,3.42,0.0,0.0,0.0,3.42,0.0,0,0,242,1129,1804,1.36,77.45,52.0,135.5,1.0,61.0,69.0,62.5,24.39,23.5,True,False,False,False
2320127002,2016-04-24,4165,2.81,2.81,0.0,0.0,0.0,2.8,0.0,0,0,204,1236,1725,1.3,77.45,52.0,135.5,1.0,432.5,463.0,62.5,24.39,23.5,False,False,False,False
2320127002,2016-04-25,3588,2.42,2.42,0.0,0.23,0.2,1.99,0.0,3,5,152,1280,1654,1.25,77.45,52.0,135.5,1.0,432.5,463.0,62.5,24.39,23.5,False,False,False,False
2320127002,2016-04-26,3409,2.3,2.3,0.0,0.0,0.0,2.3,0.0,0,0,147,1293,1632,1.23,77.45,52.0,135.5,1.0,432.5,463.0,62.5,24.39,23.5,False,False,False,False
2320127002,2016-04-27,1715,1.16,1.16,0.0,0.0,0.0,1.16,0.0,0,0,82,1358,1481,1.12,77.45,52.0,135.5,1.0,432.5,463.0,62.5,24.39,23.5,False,False,False,False
2320127002,2016-04-28,1532,1.03,1.03,0.0,0.0,0.0,1.03,0.0,0,0,76,1364,1473,1.11,77.45,52.0,135.5,1.0,432.5,463.0,62.5,24.39,23.5,False,False,False,False
2320127002,2016-04-29,924,0.62,0.62,0.0,0.0,0.0,0.62,0.0,0,0,45,1395,1410,1.06,77.45,52.0,135.5,1.0,432.5,463.0,62.5,24.39,23.5,False,False,False,False
2320127002,2016-04-30,4571,3.08,3.08,0.0,0.0,0.0,3.07,0.0,0,0,234,1206,1779,1.34,77.45,52.0,135.5,1.0,432.5,463.0,62.5,24.39,23.5,False,False,False,False
2320127002,2016-05-01,772,0.52,0.52,0.0,0.0,0.0,0.52,0.0,0,0,40,1400,1403,1.06,77.45,52.0,135.5,1.0,432.5,463.0,62.5,24.39,23.5,False,False,False,False
2320127002,2016-05-02,3634,2.45,2.45,0.0,0.36,0.21,1.88,0.0,5,6,123,1306,1613,1.22,77.45,52.0,135.5,1.0,432.5,463.0,62.5,24.39,23.5,False,False,False,False
2320127002,2016-05-03,7443,5.02,5.02,0.0,1.49,0.37,3.16,0.0,20,10,206,1204,1878,1.42,77.45,52.0,135.5,1.0,432.5,463.0,62.5,24.39,23.5,False,False,False,False
2320127002,2016-05-04,1201,0.81,0.81,0.0,0.0,0.0,0.81,0.0,0,0,52,1388,1426,1.08,77.45,52.0,135.5,1.0,432.5,463.0,62.5,24.39,23.5,False,False,False,False
2320127002,2016-05-05,5202,3.51,3.51,0.0,0.0,0.39,3.11,0.0,0,11,223,1206,1780,1.34,77.45,52.0,135.5,1.0,432.5,463.0,62.5,24.39,23.5,False,False,False,False
2320127002,2016-05-06,4878,3.29,3.29,0.0,0.0,0.0,3.29,0.0,0,0,204,1236,1742,1.32,77.45,52.0,135.5,1.0,432.5,463.0,62.5,24.39,23.5,False,False,False,False
2320127002,2016-05-07,7379,4.97,4.97,0.0,0.0,0.0,4.97,0.0,0,0,319,1121,1972,1.49,77.45,52.0,135.5,1.0,432.5,463.0,62.5,24.39,23.5,False,False,False,False
2320127002,2016-05-08,5161,3.48,3.48,0.0,0.0,0.0,3.47,0.0,0,0,247,1193,1821,1.38,77.45,52.0,135.5,1.0,432.5,463.0,62.5,24.39,23.5,False,False,False,False
2320127002,2016-05-09,3090,2.08,2.08,0.0,0.0,0.0,2.08,0.0,0,0,145,1295,1630,1.23,77.45,52.0,135.5,1.0,432.5,463.0,62.5,24.39,23.5,False,False,False,False
2320127002,2016-05-10,6227,4.2,4.2,0.0,0.0,0.0,4.2,0.0,0,0,290,1150,1899,1.43,77.45,52.0,135.5,1.0,432.5,463.0,62.5,24.39,23.5,False,False,False,False
2320127002,2016-05-11,6424,4.33,4.33,0.0,0.0,0.0,4.33,0.0,0,0,300,1140,1903,1.44,77.45,52.0,135.5,1.0,432.5,463.0,62.5,24.39,23.5,False,False,False,False
2320127002,2016-05-12,2661,1.79,1.79,0.0,0.0,0.0,1.79,0.0,0,0,128,830,1125,1.29,77.45,52.0,135.5,1.0,432.5,463.0,62.5,24.39,23.5,False,False,False,False
2347167796,2016-04-12,10113,6.83,6.83,0.0,2.0,0.62,4.2,0.0,28,13,320,964,2344,1.73,86.1,57.0,172.0,1.0,432.5,463.0,62.5,24.39,23.5,False,False,True,False
2347167796,2016-04-13,10352,7.01,7.01,0.0,1.66,1.94,3.41,0.0,19,32,195,676,2038,1.51,73.8,55.0,158.0,1.0,467.0,531.0,62.5,24.39,23.5,True,False,True,False
2347167796,2016-04-14,10129,6.7,6.7,0.0,0.02,2.74,3.94,0.0,1,48,206,705,2010,1.48,72.6,52.0,154.0,1.0,445.0,489.0,62.5,24.39,23.5,True,False,True,False
2347167796,2016-04-15,10465,6.92,6.92,0.0,0.07,1.42,5.43,0.0,1,24,284,720,2133,1.58,75.7,55.0,136.0,1.0,452.0,504.0,62.5,24.39,23.5,True,False,True,False
2347167796,2016-04-16,22244,15.08,15.08,0.0,5.45,4.1,5.53,0.0,66,72,268,968,2670,1.97,96.6,58.0,168.0,1.0,432.5,463.0,62.5,24.39,23.5,False,False,True,False
2347167796,2016-04-17,5472,3.62,3.62,0.0,0.08,0.28,3.26,0.0,1,7,249,508,1882,1.39,75.4,55.0,134.0,1.0,556.0,602.0,62.5,24.39,23.5,True,False,True,False
2347167796,2016-04-18,8247,5.45,5.45,0.0,0.79,0.86,3.79,0.0,11,16,206,678,1944,1.44,71.2,53.0,134.0,1.0,500.0,557.0,62.5,24.39,23.5,True,False,True,False
2347167796,2016-04-19,6711,4.44,4.44,0.0,0.0,0.0,4.44,0.0,0,7,382,648,2346,1.73,81.3,53.0,195.0,1.0,465.0,514.0,62.5,24.39,23.5,True,False,True,False
2347167796,2016-04-20,10999,7.27,7.27,0.0,0.68,1.81,4.78,0.0,11,43,269,1011,2198,1.62,78.2,53.0,161.0,1.0,432.5,463.0,62.5,24.39,23.5,False,False,True,False
2347167796,2016-04-21,10080,6.75,6.75,0.0,1.85,1.53,3.38,0.0,23,26,208,761,2048,1.51,73.4,51.0,171.0,1.0,460.0,484.0,62.5,24.39,23.5,True,False,True,False
2347167796,2016-04-22,7804,5.16,5.16,0.0,0.56,1.68,2.92,0.0,9,27,206,781,1946,1.44,72.0,53.0,165.0,1.0,405.0,461.0,62.5,24.39,23.5,True,False,True,False
2347167796,2016-04-23,16901,11.37,11.37,0.0,2.78,1.45,7.15,0.0,32,35,360,591,2629,1.94,83.4,53.0,157.0,1.0,374.0,386.0,62.5,24.39,23.5,True,False,True,False
2347167796,2016-04-24,9471,6.26,6.26,0.0,0.0,0.0,6.26,0.0,0,0,360,584,2187,1.61,77.6,54.0,127.0,1.0,442.0,459.0,62.5,24.39,23.5,True,False,True,False
2347167796,2016-04-25,9482,6.38,6.38,0.0,1.27,0.52,4.6,0.0,15,11,277,653,2095,1.55,73.9,53.0,160.0,1.0,433.0,471.0,62.5,24.39,23.5,True,False,True,False
2347167796,2016-04-26,5980,3.95,3.95,0.0,0.0,0.0,3.95,0.0,0,0,227,732,1861,1.37,71.7,49.0,122.0,1.0,436.0,490.0,62.5,24.39,23.5,True,False,True,False
2347167796,2016-04-27,11423,7.58,7.58,0.0,1.86,0.4,5.32,0.0,26,9,295,623,2194,1.62,75.2,51.0,144.0,1.0,448.0,499.0,62.5,24.39,23.5,True,False,True,False
2347167796,2016-04-28,5439,3.6,3.6,0.0,0.0,0.0,3.6,0.0,0,0,229,764,1854,1.37,73.4,55.0,138.0,1.0,408.0,450.0,62.5,24.39,23.5,True,False,True,False
2347167796,2016-04-29,42,0.03,0.03,0.0,0.0,0.0,0.03,0.0,0,0,4,2,403,1.02,62.9,54.0,85.0,1.0,411.0,473.0,62.5,24.39,23.5,True,False,True,False
2873212765,2016-04-12,8796,5.91,5.91,0.0,0.11,0.93,4.88,0.0,2,21,356,1061,1982,1.57,77.45,52.0,135.5,1.0,432.5,463.0,62.5,24.39,23.5,False,False,False,False
2873212765,2016-04-13,7618,5.12,5.12,0.0,0.0,0.22,4.88,0.02,0,8,404,1028,2004,1.58,77.45,52.0,135.5,1.0,432.5,463.0,62.5,24.39,23.5,False,False,False,False
2873212765,2016-04-14,7910,5.32,5.32,0.0,0.0,0.0,5.32,0.0,0,0,331,1109,1893,1.5,77.45,52.0,135.5,1.0,432.5,463.0,62.5,24.39,23.5,False,False,False,False
2873212765,2016-04-15,8482,5.7,5.7,0.0,0.0,0.0,5.69,0.01,0,0,448,992,2063,1.63,77.45,52.0,135.5,1.0,432.5,463.0,62.5,24.39,23.5,False,False,False,False
2873212765,2016-04-16,9685,6.65,6.65,0.0,3.11,0.02,3.51,0.01,47,1,305,1087,2148,1.7,77.45,52.0,135.5,1.0,432.5,463.0,62.5,24.39,23.5,False,False,False,False
2873212765,2016-04-17,2524,1.7,1.7,0.0,0.0,0.35,1.34,0.0,0,8,160,1272,1529,1.21,77.45,52.0,135.5,1.0,432.5,463.0,62.5,24.39,23.5,False,False,False,False
2873212765,2016-04-18,7762,5.24,5.24,0.0,0.07,0.28,4.89,0.0,1,6,311,1122,1890,1.49,77.45,52.0,135.5,1.0,432.5,463.0,62.5,24.39,23.5,False,False,False,False
2873212765,2016-04-19,7948,5.37,5.37,0.0,0.0,0.0,5.36,0.0,0,0,389,1051,1956,1.55,77.45,52.0,135.5,1.0,432.5,463.0,62.5,24.39,23.5,False,False,False,False
2873212765,2016-04-20,9202,6.3,6.3,0.0,1.51,0.12,4.66,0.01,22,5,378,1035,2094,1.66,77.45,52.0,135.5,1.0,432.5,463.0,62.5,24.39,23.5,False,False,False,False
2873212765,2016-04-21,8859,5.98,5.98,0.0,0.13,0.37,5.47,0.01,2,10,371,1057,1970,1.56,77.45,52.0,135.5,1.0,432.5,463.0,56.7,21.45,23.5,False,True,False,False
2873212765,2016-04-22,7286,4.9,4.9,0.0,0.46,0.0,4.42,0.02,46,0,366,1028,2241,1.55,77.45,52.0,135.5,1.0,432.5,463.0,62.5,24.39,23.5,False,False,False,False
2873212765,2016-04-23,9317,6.35,6.35,0.0,2.09,0.23,4.02,0.01,28,5,330,1077,2021,1.6,77.45,52.0,135.5,1.0,432.5,463.0,62.5,24.39,23.5,False,False,False,False
2873212765,2016-04-24,6873,4.68,4.68,0.0,3.0,0.06,1.62,0.0,46,1,190,1203,1898,1.51,77.45,52.0,135.5,1.0,432.5,463.0,62.5,24.39,23.5,False,False,False,False
2873212765,2016-04-25,7373,4.95,4.95,0.0,0.0,0.0,4.95,0.0,0,0,359,1081,1907,1.51,77.45,52.0,135.5,1.0,432.5,463.0,62.5,24.39,23.5,False,False,False,False
2873212765,2016-04-26,8242,5.54,5.54,0.0,0.12,0.18,5.24,0.0,2,5,309,1124,1882,1.5,77.45,52.0,135.5,1.0,432.5,463.0,62.5,24.39,23.5,False,False,False,False
2873212765,2016-04-27,3516,2.36,2.36,0.0,0.0,0.0,2.36,0.0,46,0,197,1197,1966,1.56,77.45,52.0,135.5,1.0,432.5,463.0,62.5,24.39,23.5,False,False,False,False
2873212765,2016-04-28,7913,5.41,5.41,0.0,2.16,0.34,2.91,0.0,28,7,213,1192,1835,1.46,77.45,52.0,135.5,1.0,432.5,463.0,62.5,24.39,23.5,False,False,False,False
2873212765,2016-04-29,7365,4.95,4.95,0.0,1.36,1.41,2.18,0.0,20,23,206,1191,1780,1.41,77.45,52.0,135.5,1.0,432.5,463.0,62.5,24.39,23.5,False,False,False,False
2873212765,2016-04-30,8452,5.68,5.68,0.0,0.33,1.08,4.26,0.01,5,20,248,1167,1830,1.45,77.45,52.0,135.5,1.0,432.5,463.0,62.5,24.39,23.5,False,False,False,False
2873212765,2016-05-01,7399,4.97,4.97,0.0,0.49,1.04,3.44,0.0,7,18,196,1219,1739,1.38,77.45,52.0,135.5,1.0,432.5,463.0,62.5,24.39,23.5,False,False,False,False
2873212765,2016-05-02,7525,5.06,5.06,0.0,0.0,0.21,4.83,0.02,0,7,334,1099,1878,1.49,77.45,52.0,135.5,1.0,432.5,463.0,62.5,24.39,23.5,False,False,False,False
2873212765,2016-05-03,7412,4.98,4.98,0.0,0.06,0.25,4.66,0.01,1,6,363,1070,1906,1.51,77.45,52.0,135.5,1.0,432.5,463.0,62.5,24.39,23.5,False,False,False,False
2873212765,2016-05-04,8278,5.56,5.56,0.0,0.0,0.0,5.56,0.0,0,0,420,1020,2015,1.6,77.45,52.0,135.5,1.0,432.5,463.0,62.5,24.39,23.5,False,False,False,False
2873212765,2016-05-05,8314,5.61,5.61,0.0,0.78,0.8,4.03,0.0,13,23,311,1093,1971,1.57,77.45,52.0,135.5,1.0,432.5,463.0,62.5,24.39,23.5,False,False,False,False
2873212765,2016-05-06,7063,4.75,4.75,0.0,0.0,0.12,4.61,0.01,0,5,370,1065,1910,1.52,77.45,52.0,135.5,1.0,432.5,463.0,62.5,24.39,23.5,False,False,False,False
2873212765,2016-05-07,4940,3.38,3.38,0.0,2.28,0.55,0.55,0.0,75,11,52,1302,1897,1.51,77.45,52.0,135.5,1.0,432.5,463.0,62.5,24.39,23.5,False,False,False,False
2873212765,2016-05-08,8168,5.54,5.54,0.0,2.9,0.0,2.64,0.0,46,0,326,1068,2096,1.66,77.45,52.0,135.5,1.0,432.5,463.0,62.5,24.39,23.5,False,False,False,False
2873212765,2016-05-09,7726,5.19,5.19,0.0,0.0,0.0,5.19,0.0,0,0,345,1095,1906,1.51,77.45,52.0,135.5,1.0,432.5,463.0,62.5,24.39,23.5,False,False,False,False
2873212765,2016-05-10,8275,5.56,5.56,0.0,0.0,0.0,5.55,0.01,0,0,373,1067,1962,1.56,77.45,52.0,135.5,1.0,432.5,463.0,62.5,24.39,23.5,False,False,False,False
2873212765,2016-05-11,6440,4.33,4.33,0.0,0.0,0.0,4.32,0.01,0,0,319,1121,1826,1.44,77.45,52.0,135.5,1.0,432.5,463.0,62.5,24.39,23.5,False,False,False,False
2873212765,2016-05-12,7566,5.11,5.11,0.0,0.0,0.0,5.11,0.0,0,0,268,720,1431,1.65,77.45,52.0,135.5,1.0,432.5,463.0,57.3,21.69,23.5,False,True,False,False
3372868164,2016-04-12,4747,3.24,3.24,0.0,0.0,0.0,3.23,0.01,0,0,280,1160,1788,1.33,77.45,52.0,135.5,1.0,432.5,463.0,62.5,24.39,23.5,False,False,False,False
3372868164,2016-04-13,9715,6.63,6.63,0.0,0.99,0.34,5.27,0.02,16,8,371,1045,2093,1.55,77.45,52.0,135.5,1.0,432.5,463.0,62.5,24.39,23.5,False,False,False,False
3372868164,2016-04-14,8844,6.03,6.03,0.0,0.34,1.03,4.65,0.01,6,25,370,1039,2065,1.53,77.45,52.0,135.5,1.0,432.5,463.0,62.5,24.39,23.5,False,False,False,False
3372868164,2016-04-15,7451,5.08,5.08,0.0,0.0,0.0,5.06,0.02,0,0,335,1105,1908,1.42,77.45,52.0,135.5,1.0,432.5,463.0,62.5,24.39,23.5,False,False,False,False
3372868164,2016-04-16,6905,4.73,4.73,0.0,0.0,0.0,4.7,0.03,0,0,356,1084,1908,1.42,77.45,52.0,135.5,1.0,432.5,463.0,62.5,24.39,23.5,False,False,False,False
3372868164,2016-04-17,8199,5.88,5.88,0.0,1.41,0.1,4.36,0.01,11,2,322,1105,1964,1.46,77.45,52.0,135.5,1.0,432.5,463.0,62.5,24.39,23.5,False,False,False,False
3372868164,2016-04-18,6798,4.64,4.64,0.0,1.08,0.2,3.35,0.0,20,7,343,1070,2014,1.5,77.45,52.0,135.5,1.0,432.5,463.0,62.5,24.39,23.5,False,False,False,False
3372868164,2016-04-19,7711,5.26,5.26,0.0,0.0,0.0,5.24,0.02,0,0,376,1064,1985,1.47,77.45,52.0,135.5,1.0,432.5,463.0,62.5,24.39,23.5,False,False,False,False
3372868164,2016-04-20,4880,3.33,3.33,0.0,0.84,0.09,2.38,0.02,15,3,274,1148,1867,1.39,77.45,52.0,135.5,1.0,432.5,463.0,62.5,24.39,23.5,False,False,False,False
3372868164,2016-04-21,8857,6.07,6.07,0.0,1.15,0.26,4.64,0.01,18,9,376,1037,2124,1.58,77.45,52.0,135.5,1.0,432.5,463.0,62.5,24.39,23.5,False,False,False,False
3372868164,2016-04-22,3843,2.62,2.62,0.0,0.0,0.0,2.61,0.01,0,0,206,1234,1669,1.24,77.45,52.0,135.5,1.0,432.5,463.0,62.5,24.39,23.5,False,False,False,False
3372868164,2016-04-23,7396,5.07,5.07,0.0,1.4,0.08,3.58,0.0,20,2,303,1115,1995,1.48,77.45,52.0,135.5,1.0,432.5,463.0,62.5,24.39,23.5,False,False,False,False
3372868164,2016-04-24,6731,4.59,4.59,0.0,0.89,0.19,3.49,0.02,14,7,292,1127,1921,1.43,77.45,52.0,135.5,1.0,432.5,463.0,62.5,24.39,23.5,False,False,False,False
3372868164,2016-04-25,5995,4.09,4.09,0.0,0.0,0.0,4.09,0.0,0,0,416,1024,2010,1.49,77.45,52.0,135.5,1.0,432.5,463.0,62.5,24.39,23.5,False,False,False,False
3372868164,2016-04-26,8283,5.79,5.79,0.0,1.85,0.05,3.87,0.01,22,2,333,1083,2057,1.53,77.45,52.0,135.5,1.0,432.5,463.0,62.5,24.39,23.5,False,False,False,False
3372868164,2016-04-27,7904,5.42,5.42,0.0,1.58,0.63,3.19,0.01,24,13,346,1057,2095,1.56,77.45,52.0,135.5,1.0,432.5,463.0,62.5,24.39,23.5,False,False,False,False
3372868164,2016-04-28,5512,3.76,3.76,0.0,0.0,0.0,3.76,0.0,0,0,385,1055,1972,1.46,77.45,52.0,135.5,1.0,432.5,463.0,62.5,24.39,23.5,False,False,False,False
3372868164,2016-04-29,9135,6.23,6.23,0.0,0.0,0.0,6.22,0.01,0,0,402,1038,2044,1.52,77.45,52.0,135.5,1.0,432.5,463.0,62.5,24.39,23.5,False,False,False,False
3372868164,2016-04-30,5250,3.58,3.58,0.0,1.06,0.09,2.42,0.01,17,4,300,1119,1946,1.45,77.45,52.0,135.5,1.0,432.5,463.0,62.5,24.39,23.5,False,False,False,False
3372868164,2016-05-01,3077,2.1,2.1,0.0,0.0,0.0,2.09,0.0,0,0,172,842,1237,1.3,77.45,52.0,135.5,1.0,432.5,463.0,62.5,24.39,23.5,False,False,False,False
3977333714,2016-04-12,8856,5.98,5.98,0.0,3.06,0.91,2.01,0.0,44,19,131,777,1450,1.43,77.45,52.0,135.5,1.0,274.0,469.0,62.5,24.39,23.5,True,False,False,False
3977333714,2016-04-13,10035,6.71,6.71,0.0,2.03,2.13,2.55,0.0,31,46,153,754,1495,1.48,77.45,52.0,135.5,2.0,295.0,456.0,62.5,24.39,23.5,True,False,False,False
3977333714,2016-04-14,7641,5.11,5.11,0.0,0.32,0.97,3.82,0.0,5,23,214,801,1433,1.42,77.45,52.0,135.5,1.0,291.0,397.0,62.5,24.39,23.5,True,False,False,False
3977333714,2016-04-15,9010,6.06,6.06,0.0,1.05,1.75,3.26,0.0,15,42,183,644,1468,1.45,77.45,52.0,135.5,1.0,424.0,556.0,62.5,24.39,23.5,True,False,False,False
3977333714,2016-04-16,13459,9.0,9.0,0.0,2.03,4.0,2.97,0.0,31,83,153,663,1625,1.61,77.45,52.0,135.5,1.0,283.0,510.0,62.5,24.39,23.5,True,False,False,False
3977333714,2016-04-17,10415,6.97,6.97,0.0,0.7,2.35,3.92,0.0,11,58,205,600,1529,1.51,77.45,52.0,135.5,1.0,381.0,566.0,62.5,24.39,23.5,True,False,False,False
3977333714,2016-04-18,11663,7.8,7.8,0.0,0.25,3.73,3.82,0.0,4,95,214,605,1584,1.57,77.45,52.0,135.5,2.0,412.0,522.0,62.5,24.39,23.5,True,False,False,False
3977333714,2016-04-19,12414,8.78,8.78,0.0,2.24,2.45,3.96,0.0,19,67,221,738,1638,1.61,77.45,52.0,135.5,1.0,219.0,395.0,62.5,24.39,23.5,True,False,False,False
3977333714,2016-04-20,11658,7.83,7.83,0.0,0.2,4.35,3.28,0.0,2,98,164,845,1554,1.54,77.45,52.0,135.5,2.0,152.0,305.0,62.5,24.39,23.5,True,False,False,False
3977333714,2016-04-21,6093,4.08,4.08,0.0,0.0,0.0,4.06,0.0,0,0,242,712,1397,1.38,77.45,52.0,135.5,1.0,332.0,512.0,62.5,24.39,23.5,True,False,False,False
3977333714,2016-04-22,8911,5.96,5.96,0.0,2.33,0.58,3.06,0.0,33,12,188,731,1481,1.46,77.45,52.0,135.5,1.0,355.0,476.0,62.5,24.39,23.5,True,False,False,False
3977333714,2016-04-23,12058,8.07,8.07,0.0,0.0,4.22,3.85,0.0,0,92,252,724,1638,1.62,77.45,52.0,135.5,1.0,235.0,372.0,62.5,24.39,23.5,True,False,False,False
3977333714,2016-04-24,14112,10.0,10.0,0.0,3.27,4.56,2.17,0.0,30,95,129,660,1655,1.64,77.45,52.0,135.5,1.0,310.0,526.0,62.5,24.39,23.5,True,False,False,False
3977333714,2016-04-25,11177,8.48,8.48,0.0,5.62,0.43,2.41,0.0,50,9,133,781,1570,1.55,77.45,52.0,135.5,1.0,262.0,467.0,62.5,24.39,23.5,True,False,False,False
3977333714,2016-04-26,11388,7.62,7.62,0.0,0.45,4.22,2.95,0.0,7,95,170,797,1551,1.53,77.45,52.0,135.5,1.0,250.0,371.0,62.5,24.39,23.5,True,False,False,False
3977333714,2016-04-27,7193,5.04,5.04,0.0,0.0,0.42,4.62,0.0,0,10,176,714,1377,1.36,77.45,52.0,135.5,1.0,349.0,540.0,62.5,24.39,23.5,True,False,False,False
3977333714,2016-04-28,7114,4.88,4.88,0.0,1.37,0.29,3.22,0.0,15,8,190,804,1407,1.39,77.45,52.0,135.5,1.0,261.0,423.0,62.5,24.39,23.5,True,False,False,False
3977333714,2016-04-29,10645,7.75,7.75,0.0,3.74,1.3,2.71,0.0,36,32,150,744,1545,1.53,77.45,52.0,135.5,1.0,333.0,478.0,62.5,24.39,23.5,True,False,False,False
3977333714,2016-04-30,13238,9.2,9.2,0.0,3.69,2.1,3.41,0.0,43,52,194,687,1650,1.63,77.45,52.0,135.5,1.0,237.0,382.0,62.5,24.39,23.5,True,False,False,False
3977333714,2016-05-01,10414,7.07,7.07,0.0,2.67,1.98,2.41,0.0,41,40,124,691,1501,1.48,77.45,52.0,135.5,1.0,383.0,626.0,62.5,24.39,23.5,True,False,False,False
3977333714,2016-05-02,16520,11.05,11.05,0.0,1.54,6.48,3.02,0.0,24,143,176,713,1760,1.74,77.45,52.0,135.5,1.0,230.0,384.0,62.5,24.39,23.5,True,False,False,False
3977333714,2016-05-03,14335,9.59,9.59,0.0,3.32,1.74,4.53,0.0,47,41,258,594,1710,1.69,77.45,52.0,135.5,1.0,292.0,500.0,62.5,24.39,23.5,True,False,False,False
3977333714,2016-05-04,13559,9.44,9.44,0.0,1.81,4.58,2.89,0.0,14,96,142,852,1628,1.6,77.45,52.0,135.5,1.0,213.0,336.0,62.5,24.39,23.5,True,False,False,False
3977333714,2016-05-05,12312,8.58,8.58,0.0,1.76,4.11,2.71,0.0,14,88,178,680,1618,1.6,77.45,52.0,135.5,1.0,318.0,480.0,62.5,24.39,23.5,True,False,False,False
3977333714,2016-05-06,11677,8.28,8.28,0.0,3.11,2.51,2.67,0.0,29,55,168,676,1590,1.57,77.45,52.0,135.5,1.0,323.0,512.0,62.5,24.39,23.5,True,False,False,False
3977333714,2016-05-07,11550,7.73,7.73,0.0,0.0,4.13,3.59,0.0,0,86,208,703,1574,1.56,77.45,52.0,135.5,1.0,237.0,443.0,62.5,24.39,23.5,True,False,False,False
3977333714,2016-05-08,13585,9.09,9.09,0.0,0.68,5.24,3.17,0.0,9,116,171,688,1633,1.61,77.45,52.0,135.5,2.0,259.0,456.0,62.5,24.39,23.5,True,False,False,False
3977333714,2016-05-09,14687,10.08,10.08,0.0,0.77,5.6,3.55,0.0,8,122,151,1159,1667,1.64,77.45,52.0,135.5,1.0,432.5,463.0,62.5,24.39,23.5,False,False,False,False
3977333714,2016-05-10,13072,8.78,8.78,0.0,0.07,5.4,3.31,0.0,1,115,196,676,1630,1.61,77.45,52.0,135.5,1.0,312.0,452.0,62.5,24.39,23.5,True,False,False,False
3977333714,2016-05-11,746,0.5,0.5,0.0,0.37,0.0,0.13,0.0,4,0,9,13,52,1.47,77.45,52.0,135.5,1.0,432.5,463.0,62.5,24.39,23.5,False,False,False,False
4020332650,2016-04-12,8539,6.12,6.12,0.0,0.15,0.24,5.68,0.0,4,15,331,712,3654,1.84,83.5,49.0,133.0,1.0,501.0,541.0,62.5,24.39,23.5,True,False,True,False
4020332650,2016-04-13,0,0.0,0.0,0.0,0.0,0.0,0.0,0.0,0,0,0,1440,1981,1.0,77.45,52.0,135.5,1.0,432.5,463.0,62.5,24.39,23.5,False,False,False,True
4020332650,2016-04-14,108,0.08,0.08,0.0,0.0,0.0,0.03,0.0,0,0,3,1437,2011,1.01,90.7,65.0,133.0,1.0,432.5,463.0,62.5,24.39,23.5,False,False,True,False
4020332650,2016-04-15,1882,1.35,1.35,0.0,0.21,0.36,0.77,0.0,36,18,87,1299,2951,1.49,92.9,51.0,191.0,1.0,432.5,463.0,62.5,24.39,23.5,False,False,True,False
4020332650,2016-04-16,1982,1.42,1.42,0.0,0.45,0.37,0.59,0.0,65,21,55,1222,3051,1.54,100.9,62.0,143.0,1.0,77.0,77.0,62.5,24.39,23.5,True,False,True,False
4020332650,2016-04-17,16,0.01,0.01,0.0,0.0,0.0,0.01,0.0,0,0,2,1438,1990,1.0,98.8,66.0,116.0,1.0,432.5,463.0,62.5,24.39,23.5,False,False,True,False
4020332650,2016-04-18,62,0.04,0.04,0.0,0.0,0.0,0.04,0.0,0,0,2,1438,1995,1.01,77.45,52.0,135.5,1.0,432.5,463.0,62.5,24.39,23.5,False,False,False,False
4020332650,2016-04-19,0,0.0,0.0,0.0,0.0,0.0,0.0,0.0,0,0,0,1440,1980,1.0,77.45,52.0,135.5,1.0,432.5,463.0,62.5,24.39,23.5,False,False,False,True
4020332650,2016-04-20,0,0.0,0.0,0.0,0.0,0.0,0.0,0.0,0,0,0,1440,1980,1.0,77.45,52.0,135.5,1.0,432.5,463.0,62.5,24.39,23.5,False,False,False,True
4020332650,2016-04-21,0,0.0,0.0,0.0,0.0,0.0,0.0,0.0,0,0,0,1440,1980,1.0,77.45,52.0,135.5,1.0,432.5,463.0,62.5,24.39,23.5,False,False,False,True
4020332650,2016-04-22,0,0.0,0.0,0.0,0.0,0.0,0.0,0.0,0,0,0,1440,1980,1.0,77.45,52.0,135.5,1.0,432.5,463.0,62.5,24.39,23.5,False,False,False,True
4020332650,2016-04-23,0,0.0,0.0,0.0,0.0,0.0,0.0,0.0,0,0,0,1440,1980,1.0,77.45,52.0,135.5,1.0,432.5,463.0,62.5,24.39,23.5,False,False,False,True
4020332650,2016-04-24,0,0.0,0.0,0.0,0.0,0.0,0.0,0.0,0,0,0,1440,1980,1.0,77.45,52.0,135.5,1.0,432.5,463.0,62.5,24.39,23.5,False,False,False,True
4020332650,2016-04-25,0,0.0,0.0,0.0,0.0,0.0,0.0,0.0,0,0,0,1440,1980,1.0,77.45,52.0,135.5,1.0,432.5,463.0,62.5,24.39,23.5,False,False,False,True
4020332650,2016-04-26,0,0.0,0.0,0.0,0.0,0.0,0.0,0.0,0,0,0,1440,1980,1.0,77.45,52.0,135.5,1.0,432.5,463.0,62.5,24.39,23.5,False,False,False,True
4020332650,2016-04-27,0,0.0,0.0,0.0,0.0,0.0,0.0,0.0,0,0,0,1440,1980,1.0,77.45,52.0,135.5,1.0,432.5,463.0,62.5,24.39,23.5,False,False,False,True
4020332650,2016-04-28,0,0.0,0.0,0.0,0.0,0.0,0.0,0.0,0,0,0,1440,1980,1.0,77.45,52.0,135.5,1.0,432.5,463.0,62.5,24.39,23.5,False,False,False,True
4020332650,2016-04-29,0,0.0,0.0,0.0,0.0,0.0,0.0,0.0,0,0,0,1440,1980,1.0,77.45,52.0,135.5,1.0,432.5,463.0,62.5,24.39,23.5,False,False,False,True
4020332650,2016-04-30,0,0.0,0.0,0.0,0.0,0.0,0.0,0.0,0,0,0,1440,1980,1.0,77.45,52.0,135.5,1.0,432.5,463.0,62.5,24.39,23.5,False,False,False,True
4020332650,2016-05-01,0,0.0,0.0,0.0,0.0,0.0,0.0,0.0,0,0,0,1440,1980,1.0,77.45,52.0,135.5,1.0,432.5,463.0,62.5,24.39,23.5,False,False,False,True
4020332650,2016-05-02,475,0.34,0.34,0.0,0.0,0.04,0.29,0.0,0,11,31,1350,2207,1.11,90.3,66.0,123.0,1.0,432.5,463.0,62.5,24.39,23.5,False,False,True,False
4020332650,2016-05-03,4496,3.22,3.22,0.0,0.0,0.0,3.15,0.05,0,0,174,950,2828,1.43,77.9,52.0,127.0,1.0,322.0,332.0,62.5,24.39,23.5,True,False,True,False
4020332650,2016-05-04,10252,7.35,7.35,0.0,0.67,1.04,5.58,0.0,13,46,346,531,3879,1.96,83.5,49.0,147.0,1.0,478.0,536.0,62.5,24.39,23.5,True,False,True,False
4020332650,2016-05-05,11728,8.43,8.43,0.0,2.62,1.68,4.04,0.07,38,42,196,916,3429,1.73,85.6,49.0,126.0,1.0,226.0,248.0,62.5,24.39,23.5,True,False,True,False
4020332650,2016-05-06,4369,3.13,3.13,0.0,0.0,0.0,3.1,0.01,0,0,177,855,2704,1.36,75.6,50.0,116.0,1.0,385.0,408.0,62.5,24.39,23.5,True,False,True,False
4020332650,2016-05-07,6132,4.4,4.4,0.0,0.0,0.0,3.58,0.0,0,0,184,1256,2975,1.44,89.1,64.0,117.0,1.0,432.5,463.0,62.5,24.39,23.5,False,False,True,False
4020332650,2016-05-08,5862,4.2,4.2,0.0,0.0,0.0,4.15,0.0,0,0,263,775,3089,1.56,78.0,51.0,131.0,1.0,364.0,402.0,62.5,24.39,23.5,True,False,True,False
4020332650,2016-05-09,4556,3.27,3.27,0.0,0.2,0.12,2.94,0.0,3,5,173,1225,2785,1.41,86.7,55.0,155.0,1.0,432.5,463.0,62.5,24.39,23.5,False,False,True,False
4020332650,2016-05-10,5546,3.98,3.98,0.0,0.0,0.0,3.87,0.04,0,0,206,774,2926,1.47,72.6,46.0,142.0,1.0,442.0,494.0,62.5,24.39,23.5,True,False,True,False
4020332650,2016-05-11,3689,2.65,2.65,0.0,0.11,0.17,2.33,0.0,2,8,134,1296,2645,1.33,91.2,64.0,133.0,1.0,432.5,463.0,62.5,24.39,23.5,False,False,True,False
4020332650,2016-05-12,590,0.42,0.42,0.0,0.0,0.0,0.41,0.0,0,0,21,721,1120,1.04,94.3,70.0,125.0,1.0,432.5,463.0,62.5,24.39,23.5,False,False,True,False
4057192912,2016-04-12,5394,4.03,4.03,0.0,0.0,0.0,3.94,0.0,0,0,164,1276,2286,1.28,77.45,52.0,135.5,1.0,432.5,463.0,62.5,24.39,23.5,False,False,False,False
4057192912,2016-04-13,5974,4.47,4.47,0.0,0.0,0.0,4.37,0.0,0,0,160,1280,2306,1.29,77.45,52.0,135.5,1.0,432.5,463.0,62.5,24.39,23.5,False,False,False,False
4057192912,2016-04-14,0,0.0,0.0,0.0,0.0,0.0,0.0,0.0,0,0,0,1440,1776,1.0,77.45,52.0,135.5,1.0,432.5,463.0,62.5,24.39,23.5,False,False,False,True
4057192912,2016-04-15,3984,2.95,2.95,0.0,0.21,0.26,2.44,0.0,3,6,88,873,1527,1.27,77.45,52.0,135.5,1.0,432.5,463.0,62.5,24.39,23.5,False,False,False,False
4319703577,2016-04-12,7753,5.2,5.2,0.0,0.0,0.0,0.0,0.0,0,0,0,1440,2115,1.0,77.45,52.0,135.5,1.0,432.5,463.0,62.5,24.39,23.5,False,False,False,False
4319703577,2016-04-13,8204,5.5,5.5,0.0,0.53,0.59,1.31,0.0,8,15,96,1234,2135,1.2,77.45,52.0,135.5,1.0,432.5,463.0,62.5,24.39,23.5,False,False,False,False
4319703577,2016-04-14,10210,6.88,6.88,0.0,0.11,0.33,6.44,0.0,1,9,339,589,2302,1.58,77.45,52.0,135.5,1.0,535.0,557.0,62.5,24.39,23.5,True,False,False,False
4319703577,2016-04-15,5664,3.8,3.8,0.0,0.0,0.0,3.8,0.0,0,0,228,752,1985,1.36,77.45,52.0,135.5,1.0,465.0,491.0,62.5,24.39,23.5,True,False,False,False
4319703577,2016-04-16,4744,3.18,3.18,0.0,0.0,0.0,3.18,0.0,0,0,194,724,1884,1.29,77.45,52.0,135.5,1.0,506.0,522.0,62.5,24.39,23.5,True,False,False,False
4319703577,2016-04-17,29,0.02,0.02,0.0,0.0,0.0,0.02,0.0,0,0,3,1363,1464,1.0,77.45,52.0,135.5,1.0,432.5,463.0,72.4,27.45,25.0,False,True,False,False
4319703577,2016-04-18,2276,1.55,1.55,0.0,0.07,0.33,1.12,0.0,1,9,58,824,1632,1.12,77.45,52.0,135.5,1.0,515.0,551.0,62.5,24.39,23.5,True,False,False,False
4319703577,2016-04-19,8925,5.99,5.99,0.0,0.0,0.0,5.99,0.0,0,0,311,604,2200,1.51,77.45,52.0,135.5,2.0,461.0,498.0,62.5,24.39,23.5,True,False,False,False
4319703577,2016-04-20,8954,6.01,6.01,0.0,0.0,0.68,5.31,0.0,0,18,306,671,2220,1.52,77.45,52.0,135.5,1.0,523.0,543.0,62.5,24.39,23.5,True,False,False,False
4319703577,2016-04-21,3702,2.48,2.48,0.0,0.0,0.0,0.35,0.0,0,0,34,1265,1792,1.05,77.45,52.0,135.5,1.0,59.0,65.0,62.5,24.39,23.5,True,False,False,False
4319703577,2016-04-22,4500,3.02,3.02,0.0,0.06,0.81,2.15,0.0,1,19,176,709,1886,1.3,77.45,52.0,135.5,1.0,533.0,550.0,62.5,24.39,23.5,True,False,False,False
4319703577,2016-04-23,4935,3.31,3.31,0.0,0.0,0.0,3.31,0.0,0,0,233,546,1945,1.34,77.45,52.0,135.5,1.0,692.0,722.0,62.5,24.39,23.5,True,False,False,False
4319703577,2016-04-24,4081,2.74,2.74,0.0,0.06,0.2,2.47,0.0,1,5,191,692,1880,1.29,77.45,52.0,135.5,1.0,467.0,501.0,62.5,24.39,23.5,True,False,False,False
4319703577,2016-04-25,9259,6.21,6.21,0.0,0.0,0.28,5.93,0.0,0,8,390,544,2314,1.59,77.45,52.0,135.5,1.0,488.0,506.0,62.5,24.39,23.5,True,False,False,False
4319703577,2016-04-26,9899,6.64,6.64,0.0,0.57,0.92,5.15,0.0,8,21,288,649,2236,1.54,77.45,52.0,135.5,1.0,505.0,516.0,62.5,24.39,23.5,True,False,False,False
4319703577,2016-04-27,10780,7.23,7.23,0.0,0.41,1.92,4.91,0.0,6,47,300,680,2324,1.6,77.45,52.0,135.5,1.0,286.0,307.0,62.5,24.39,23.5,True,False,False,False
4319703577,2016-04-28,10817,7.28,7.28,0.0,1.01,0.33,5.94,0.0,13,8,359,552,2367,1.63,77.45,52.0,135.5,1.0,497.0,522.0,62.5,24.39,23.5,True,False,False,False
4319703577,2016-04-29,7990,5.36,5.36,0.0,0.45,0.79,4.12,0.0,6,18,289,624,2175,1.49,77.45,52.0,135.5,1.0,523.0,546.0,62.5,24.39,23.5,True,False,False,False
4319703577,2016-04-30,8221,5.52,5.52,0.0,0.4,1.61,3.51,0.0,6,38,196,695,2092,1.44,77.45,52.0,135.5,1.0,490.0,516.0,62.5,24.39,23.5,True,False,False,False
4319703577,2016-05-01,1251,0.84,0.84,0.0,0.0,0.0,0.84,0.0,0,0,67,836,1593,1.09,77.45,52.0,135.5,1.0,484.0,500.0,62.5,24.39,23.5,True,False,False,False
4319703577,2016-05-02,9261,6.24,6.24,0.0,0.0,0.44,5.71,0.0,0,11,344,585,2270,1.56,77.45,52.0,135.5,1.0,478.0,506.0,62.5,24.39,23.5,True,False,False,False
4319703577,2016-05-03,9648,6.47,6.47,0.0,0.58,1.07,4.83,0.0,8,26,287,669,2235,1.54,77.45,52.0,135.5,1.0,474.0,512.0,62.5,24.39,23.5,True,False,False,False
4319703577,2016-05-04,10429,7.02,7.02,0.0,0.59,0.58,5.85,0.0,8,13,313,1106,2282,1.57,77.45,52.0,135.5,1.0,432.5,463.0,72.3,27.38,23.5,False,True,False,False
4319703577,2016-05-05,13658,9.49,9.49,0.0,2.63,1.41,5.45,0.0,27,34,328,957,2530,1.74,77.45,52.0,135.5,1.0,432.5,463.0,62.5,24.39,23.5,False,False,False,False
4319703577,2016-05-06,9524,6.42,6.42,0.0,0.41,0.47,5.46,0.0,6,11,314,692,2266,1.56,77.45,52.0,135.5,1.0,450.0,491.0,62.5,24.39,23.5,True,False,False,False
4319703577,2016-05-07,7937,5.33,5.33,0.0,0.19,1.05,4.08,0.0,3,28,279,586,2158,1.48,77.45,52.0,135.5,1.0,507.0,530.0,62.5,24.39,23.5,True,False,False,False
4319703577,2016-05-08,3672,2.46,2.46,0.0,0.0,0.0,2.46,0.0,0,0,153,603,1792,1.23,77.45,52.0,135.5,1.0,602.0,638.0,62.5,24.39,23.5,True,False,False,False
4319703577,2016-05-09,10378,6.96,6.96,0.0,0.14,0.56,6.25,0.0,2,14,374,490,2345,1.61,77.45,52.0,135.5,1.0,535.0,565.0,62.5,24.39,23.5,True,False,False,False
4319703577,2016-05-10,9487,6.37,6.37,0.0,0.21,0.46,5.7,0.0,3,12,329,555,2260,1.55,77.45,52.0,135.5,1.0,487.0,517.0,62.5,24.39,23.5,True,False,False,False
4319703577,2016-05-11,9129,6.13,6.13,0.0,0.2,0.74,5.18,0.0,3,18,311,574,2232,1.54,77.45,52.0,135.5,1.0,529.0,558.0,62.5,24.39,23.5,True,False,False,False
4319703577,2016-05-12,17,0.01,0.01,0.0,0.0,0.0,0.01,0.0,0,0,2,0,257,1.02,77.45,52.0,135.5,1.0,302.0,321.0,62.5,24.39,23.5,True,False,False,False
4388161847,2016-04-12,10122,7.78,7.78,0.0,0.0,0.0,0.0,0.0,0,0,0,1440,2955,1.0,77.45,52.0,135.5,1.0,432.5,463.0,62.5,24.39,23.5,False,False,False,False
4388161847,2016-04-13,10993,8.45,8.45,0.0,0.06,0.63,3.88,0.0,1,14,150,1275,3092,1.34,67.0,45.0,130.0,1.0,432.5,463.0,62.5,24.39,23.5,False,False,True,False
4388161847,2016-04-14,8863,6.82,6.82,0.0,0.13,1.07,5.62,0.0,10,35,219,945,2998,1.6,68.4,48.0,132.0,1.0,432.5,463.0,62.5,24.39,23.5,False,False,True,False
4388161847,2016-04-15,8758,6.73,6.73,0.0,0.0,0.0,6.73,0.0,0,0,299,837,3066,1.63,67.5,44.0,127.0,1.0,499.0,526.0,62.5,24.39,23.5,True,False,True,False
4388161847,2016-04-16,6580,5.06,5.06,0.0,0.21,0.4,4.45,0.0,6,9,253,609,3073,1.64,75.5,56.0,142.0,2.0,426.0,448.0,62.5,24.39,23.5,True,False,True,False
4388161847,2016-04-17,4660,3.58,3.58,0.0,0.0,0.0,3.58,0.0,0,0,201,721,2572,1.37,66.4,49.0,113.0,2.0,619.0,641.0,62.5,24.39,23.5,True,False,True,False
4388161847,2016-04-18,11009,9.1,9.1,0.0,3.56,0.4,5.14,0.0,27,8,239,1017,3274,1.74,81.5,50.0,176.0,1.0,99.0,104.0,62.5,24.39,23.5,True,False,True,False
4388161847,2016-04-19,10181,7.83,7.83,0.0,1.37,0.69,5.77,0.0,20,16,249,704,3015,1.61,65.5,46.0,136.0,1.0,329.0,338.0,62.5,24.39,23.5,True,False,True,False
4388161847,2016-04-20,10553,8.12,8.12,0.0,1.1,1.72,5.29,0.0,19,42,228,696,3083,1.64,65.4,46.0,149.0,1.0,421.0,451.0,62.5,24.39,23.5,True,False,True,False
4388161847,2016-04-21,10055,7.73,7.73,0.0,0.37,0.39,6.98,0.0,7,12,272,853,3069,1.63,63.1,42.0,146.0,1.0,442.0,458.0,62.5,24.39,23.5,True,False,True,False
4388161847,2016-04-22,12139,9.34,9.34,0.0,3.3,1.11,4.92,0.0,77,25,220,945,3544,1.89,73.3,49.0,149.0,1.0,82.0,85.0,62.5,24.39,23.5,True,False,True,False
4388161847,2016-04-23,13236,10.18,10.18,0.0,4.5,0.32,5.35,0.0,58,5,215,749,3306,1.76,67.1,44.0,158.0,1.0,478.0,501.0,62.5,24.39,23.5,True,False,True,False
4388161847,2016-04-24,10243,7.88,7.88,0.0,1.08,0.51,6.3,0.0,14,8,239,584,2885,1.54,62.1,44.0,139.0,3.0,552.0,595.0,62.5,24.39,23.5,True,False,True,False
4388161847,2016-04-25,12961,9.97,9.97,0.0,0.73,1.4,7.84,0.0,11,31,301,1054,3288,1.75,67.5,45.0,150.0,1.0,432.5,463.0,62.5,24.39,23.5,False,False,True,False
4388161847,2016-04-26,9461,7.28,7.28,0.0,0.94,1.06,5.27,0.0,14,23,224,673,2929,1.56,62.5,42.0,128.0,1.0,319.0,346.0,62.5,24.39,23.5,True,False,True,False
4388161847,2016-04-27,11193,8.61,8.61,0.0,0.7,2.51,5.39,0.0,11,48,241,684,3074,1.64,62.1,42.0,153.0,1.0,439.0,500.0,62.5,24.39,23.5,True,False,True,False
4388161847,2016-04-28,10074,7.75,7.75,0.0,1.29,0.43,6.03,0.0,19,9,234,878,2969,1.58,62.3,41.0,131.0,1.0,428.0,458.0,62.5,24.39,23.5,True,False,True,False
4388161847,2016-04-29,9232,7.1,7.1,0.0,0.8,0.89,5.42,0.0,13,16,236,1175,2979,1.59,66.1,44.0,133.0,1.0,432.5,463.0,62.5,24.39,23.5,False,False,True,False
4388161847,2016-04-30,12533,9.64,9.64,0.0,0.7,2.0,6.94,0.0,14,43,300,537,3283,1.75,64.2,45.0,113.0,2.0,409.0,430.0,62.5,24.39,23.5,True,False,True,False
4388161847,2016-05-01,10255,7.89,7.89,0.0,1.01,0.68,6.2,0.0,12,15,241,579,2926,1.56,60.0,39.0,105.0,1.0,547.0,597.0,62.5,24.39,23.5,True,False,True,False
4388161847,2016-05-02,10096,8.4,8.4,0.0,3.77,0.08,4.55,0.0,33,4,204,935,3147,1.68,66.4,43.0,180.0,2.0,368.0,376.0,62.5,24.39,23.5,True,False,True,False
4388161847,2016-05-03,12727,9.79,9.79,0.0,1.13,0.78,7.88,0.0,18,18,306,984,3290,1.75,66.6,44.0,135.0,1.0,432.5,463.0,62.5,24.39,23.5,False,False,True,False
4388161847,2016-05-04,12375,9.52,9.52,0.0,2.79,0.93,5.8,0.0,35,21,251,632,3162,1.68,61.9,42.0,126.0,1.0,390.0,414.0,62.5,24.39,23.5,True,False,True,False
4388161847,2016-05-05,9603,7.38,7.38,0.0,0.63,1.67,5.09,0.0,12,39,199,896,2899,1.54,61.0,42.0,123.0,1.0,471.0,495.0,62.5,24.39,23.5,True,False,True,False
4388161847,2016-05-06,13175,10.13,10.13,0.0,2.11,2.09,5.93,0.0,33,45,262,1100,3425,1.82,69.1,47.0,151.0,1.0,432.5,463.0,62.5,24.39,23.5,False,False,True,False
4388161847,2016-05-07,22770,17.54,17.54,0.0,9.45,2.77,5.33,0.0,120,56,260,508,4022,2.14,66.6,41.0,153.0,1.0,472.0,496.0,62.5,24.39,23.5,True,False,True,False
4388161847,2016-05-08,17298,14.38,14.38,0.0,9.89,1.26,3.23,0.0,107,38,178,576,3934,2.09,76.8,43.0,171.0,2.0,529.0,541.0,62.5,24.39,23.5,True,False,True,False
4388161847,2016-05-09,10218,7.86,7.86,0.0,0.34,0.73,6.79,0.0,6,19,258,1020,3013,1.6,64.1,44.0,140.0,1.0,62.0,65.0,62.5,24.39,23.5,True,False,True,False
4388161847,2016-05-10,10299,7.92,7.92,0.0,0.81,0.65,6.46,0.0,13,14,267,648,3061,1.63,61.2,41.0,121.0,1.0,354.0,375.0,62.5,24.39,23.5,True,False,True,False
4388161847,2016-05-11,10201,7.84,7.84,0.0,0.53,0.79,6.53,0.0,8,18,256,858,2954,1.57,60.0,40.0,125.0,1.0,469.0,494.0,62.5,24.39,23.5,True,False,True,False
4388161847,2016-05-12,3369,2.59,2.59,0.0,0.0,0.0,2.59,0.0,0,0,108,825,1623,1.32,60.2,44.0,136.0,1.0,432.5,463.0,62.5,24.39,23.5,False,False,True,False
4445114986,2016-04-12,3276,2.2,2.2,0.0,0.0,0.0,2.2,0.0,0,0,196,787,2113,1.28,77.45,52.0,135.5,2.0,429.0,457.0,62.5,24.39,23.5,True,False,False,False
4445114986,2016-04-13,2961,1.99,1.99,0.0,0.0,0.0,1.99,0.0,0,0,194,840,2095,1.27,77.45,52.0,135.5,2.0,370.0,406.0,62.5,24.39,23.5,True,False,False,False
4445114986,2016-04-14,3974,2.67,2.67,0.0,0.0,0.0,2.67,0.0,0,0,231,717,2194,1.33,77.45,52.0,135.5,1.0,441.0,492.0,62.5,24.39,23.5,True,False,False,False
4445114986,2016-04-15,7198,4.83,4.83,0.0,0.0,0.0,4.83,0.0,0,0,350,711,2496,1.51,77.45,52.0,135.5,2.0,337.0,379.0,62.5,24.39,23.5,True,False,False,False
4445114986,2016-04-16,3945,2.65,2.65,0.0,0.0,0.0,2.65,0.0,0,0,225,716,2180,1.32,77.45,52.0,135.5,1.0,462.0,499.0,62.5,24.39,23.5,True,False,False,False
4445114986,2016-04-17,2268,1.52,1.52,0.0,0.0,0.0,1.52,0.0,0,0,114,1219,1933,1.17,77.45,52.0,135.5,1.0,98.0,107.0,62.5,24.39,23.5,True,False,False,False
4445114986,2016-04-18,6155,4.24,4.24,0.0,2.0,0.29,1.95,0.0,25,6,162,1247,2248,1.36,77.45,52.0,135.5,1.0,432.5,463.0,62.5,24.39,23.5,False,False,False,False
4445114986,2016-04-19,2064,1.39,1.39,0.0,0.0,0.0,1.39,0.0,0,0,121,895,1954,1.18,77.45,52.0,135.5,2.0,388.0,424.0,62.5,24.39,23.5,True,False,False,False
4445114986,2016-04-20,2072,1.39,1.39,0.0,0.0,0.0,1.39,0.0,0,0,137,841,1974,1.19,77.45,52.0,135.5,1.0,439.0,462.0,62.5,24.39,23.5,True,False,False,False
4445114986,2016-04-21,3809,2.56,2.56,0.0,0.0,0.0,2.54,0.0,0,0,215,756,2150,1.3,77.45,52.0,135.5,1.0,436.0,469.0,62.5,24.39,23.5,True,False,False,False
4445114986,2016-04-22,6831,4.58,4.58,0.0,0.0,0.0,4.58,0.0,0,0,317,706,2432,1.47,77.45,52.0,135.5,1.0,388.0,417.0,62.5,24.39,23.5,True,False,False,False
4445114986,2016-04-23,4363,2.93,2.93,0.0,0.0,0.0,2.93,0.0,0,0,201,1239,2149,1.3,77.45,52.0,135.5,1.0,432.5,463.0,62.5,24.39,23.5,False,False,False,False
4445114986,2016-04-24,5002,3.36,3.36,0.0,0.0,0.0,3.36,0.0,0,0,244,1196,2247,1.36,77.45,52.0,135.5,1.0,432.5,463.0,62.5,24.39,23.5,False,False,False,False
4445114986,2016-04-25,3385,2.27,2.27,0.0,0.0,0.0,2.27,0.0,0,0,179,916,2070,1.25,77.45,52.0,135.5,1.0,328.0,345.0,62.5,24.39,23.5,True,False,False,False
4445114986,2016-04-26,6326,4.41,4.41,0.0,2.41,0.04,1.96,0.0,29,1,180,839,2291,1.39,77.45,52.0,135.5,2.0,353.0,391.0,62.5,24.39,23.5,True,False,False,False
4445114986,2016-04-27,7243,5.03,5.03,0.0,2.62,0.03,2.38,0.0,32,1,194,839,2361,1.43,77.45,52.0,135.5,1.0,332.0,374.0,62.5,24.39,23.5,True,False,False,False
4445114986,2016-04-28,4493,3.01,3.01,0.0,0.0,0.0,3.01,0.0,0,0,236,762,2203,1.34,77.45,52.0,135.5,1.0,419.0,442.0,62.5,24.39,23.5,True,False,False,False
4445114986,2016-04-29,4676,3.14,3.14,0.0,0.0,0.0,3.13,0.0,0,0,226,1106,2196,1.33,77.45,52.0,135.5,1.0,106.0,108.0,62.5,24.39,23.5,True,False,False,False
4445114986,2016-04-30,6222,4.18,4.18,0.0,0.0,0.0,4.18,0.0,0,0,290,797,2363,1.43,77.45,52.0,135.5,1.0,322.0,353.0,62.5,24.39,23.5,True,False,False,False
4445114986,2016-05-01,5232,3.51,3.51,0.0,0.0,0.0,3.51,0.0,0,0,240,741,2246,1.36,77.45,52.0,135.5,2.0,439.0,459.0,62.5,24.39,23.5,True,False,False,False
4445114986,2016-05-02,6910,4.75,4.75,0.0,2.21,0.19,2.35,0.0,27,4,200,667,2336,1.42,77.45,52.0,135.5,1.0,502.0,542.0,62.5,24.39,23.5,True,False,False,False
4445114986,2016-05-03,7502,5.18,5.18,0.0,2.48,0.11,2.58,0.0,30,2,233,725,2421,1.47,77.45,52.0,135.5,2.0,417.0,450.0,62.5,24.39,23.5,True,False,False,False
4445114986,2016-05-04,2923,1.96,1.96,0.0,0.0,0.0,1.96,0.0,0,0,180,897,2070,1.25,77.45,52.0,135.5,2.0,337.0,363.0,62.5,24.39,23.5,True,False,False,False
4445114986,2016-05-05,3800,2.55,2.55,0.0,0.12,0.24,2.18,0.0,2,6,185,734,2120,1.29,77.45,52.0,135.5,2.0,462.0,513.0,62.5,24.39,23.5,True,False,False,False
4445114986,2016-05-06,4514,3.03,3.03,0.0,0.0,0.0,3.03,0.0,0,0,229,809,2211,1.34,77.45,52.0,135.5,2.0,374.0,402.0,62.5,24.39,23.5,True,False,False,False
4445114986,2016-05-07,5183,3.59,3.59,0.0,2.13,0.19,1.25,0.0,26,4,108,866,2123,1.29,77.45,52.0,135.5,2.0,401.0,436.0,62.5,24.39,23.5,True,False,False,False
4445114986,2016-05-08,7303,4.9,4.9,0.0,0.0,0.25,4.65,0.0,0,8,308,733,2423,1.47,77.45,52.0,135.5,1.0,361.0,391.0,62.5,24.39,23.5,True,False,False,False
4445114986,2016-05-09,5275,3.54,3.54,0.0,0.0,0.0,3.54,0.0,0,0,266,641,2281,1.38,77.45,52.0,135.5,1.0,457.0,533.0,62.5,24.39,23.5,True,False,False,False
4445114986,2016-05-10,3915,2.63,2.63,0.0,0.0,0.0,2.63,0.0,0,0,231,783,2181,1.32,77.45,52.0,135.5,1.0,405.0,426.0,62.5,24.39,23.5,True,False,False,False
4445114986,2016-05-11,9105,6.11,6.11,0.0,2.25,1.0,2.86,0.0,34,22,232,622,2499,1.51,77.45,52.0,135.5,1.0,499.0,530.0,62.5,24.39,23.5,True,False,False,False
4445114986,2016-05-12,768,0.52,0.52,0.0,0.0,0.0,0.52,0.0,0,0,58,380,1212,1.09,77.45,52.0,135.5,1.0,483.0,501.0,62.5,24.39,23.5,True,False,False,False
4558609924,2016-04-12,5135,3.39,3.39,0.0,0.0,0.0,3.39,0.0,0,0,318,1122,1909,1.43,76.6,57.0,104.0,1.0,432.5,463.0,62.5,24.39,23.5,False,False,True,False
4558609924,2016-04-13,4978,3.29,3.29,0.0,1.24,0.44,1.61,0.0,19,7,127,1287,1722,1.29,85.1,64.0,144.0,1.0,432.5,463.0,62.5,24.39,23.5,False,False,True,False
4558609924,2016-04-14,6799,4.49,4.49,0.0,0.0,0.0,4.49,0.0,0,0,279,1161,1922,1.44,81.6,56.0,108.0,1.0,432.5,463.0,62.5,24.39,23.5,False,False,True,False
4558609924,2016-04-15,7795,5.15,5.15,0.0,0.59,0.84,3.73,0.0,17,30,262,1131,2121,1.59,90.9,58.0,146.0,1.0,432.5,463.0,62.5,24.39,23.5,False,False,True,False
4558609924,2016-04-16,7289,4.82,4.82,0.0,0.55,0.75,3.5,0.0,8,12,308,1112,1997,1.49,76.3,55.0,135.0,1.0,432.5,463.0,62.5,24.39,23.5,False,False,True,False
4558609924,2016-04-17,9634,6.4,6.4,0.0,0.55,1.14,4.71,0.0,7,19,304,1110,2117,1.58,83.2,57.0,136.0,1.0,432.5,463.0,62.5,24.39,23.5,False,False,True,False
4558609924,2016-04-18,8940,5.91,5.91,0.0,0.98,0.93,4.0,0.0,14,15,331,1080,2116,1.58,80.5,55.0,141.0,1.0,432.5,463.0,69.7,27.25,23.5,False,True,True,False
4558609924,2016-04-19,5401,3.57,3.57,0.0,0.05,0.36,3.16,0.0,1,9,248,1182,1876,1.4,83.1,61.0,132.0,1.0,432.5,463.0,62.5,24.39,23.5,False,False,True,False
4558609924,2016-04-20,4803,3.17,3.17,0.0,0.0,0.0,3.17,0.0,0,0,222,1218,1788,1.34,76.9,57.0,110.0,1.0,432.5,463.0,62.5,24.39,23.5,False,False,True,False
4558609924,2016-04-21,13743,9.08,9.08,0.0,0.42,0.97,7.7,0.0,6,21,432,844,2486,1.86,85.7,54.0,121.0,1.0,126.0,137.0,62.5,24.39,23.5,True,False,True,False
4558609924,2016-04-22,9601,6.35,6.35,0.0,1.37,1.5,3.47,0.0,20,25,273,1122,2094,1.56,82.6,57.0,140.0,1.0,432.5,463.0,62.5,24.39,23.5,False,False,True,False
4558609924,2016-04-23,6890,4.55,4.55,0.0,0.34,0.2,4.01,0.0,5,5,308,1122,2085,1.55,85.9,60.0,133.0,1.0,432.5,463.0,62.5,24.39,23.5,False,False,True,False
4558609924,2016-04-24,8563,5.66,5.66,0.0,0.0,0.0,5.65,0.0,0,0,395,1045,2173,1.61,84.0,58.0,121.0,1.0,432.5,463.0,62.5,24.39,23.5,False,False,True,False
4558609924,2016-04-25,8095,5.35,5.35,0.0,0.59,0.25,4.51,0.0,18,10,340,993,2225,1.66,82.5,55.0,163.0,1.0,432.5,463.0,70.3,27.46,23.5,False,True,True,False
4558609924,2016-04-26,9148,6.05,6.05,0.0,0.43,2.03,3.59,0.0,12,41,283,1062,2223,1.65,91.3,59.0,148.0,1.0,103.0,121.0,62.5,24.39,23.5,True,False,True,False
4558609924,2016-04-27,9557,6.32,6.32,0.0,1.96,0.89,3.46,0.0,27,14,312,1087,2098,1.56,84.6,60.0,122.0,1.0,432.5,463.0,62.5,24.39,23.5,False,False,True,False
4558609924,2016-04-28,9451,6.25,6.25,0.0,0.02,0.27,5.95,0.0,1,11,367,985,2185,1.63,85.6,59.0,133.0,1.0,432.5,463.0,62.5,24.39,23.5,False,False,True,False
4558609924,2016-04-29,7833,5.18,5.18,0.0,1.02,1.85,2.31,0.0,15,29,197,1096,1918,1.43,80.6,53.0,139.0,1.0,171.0,179.0,62.5,24.39,23.5,True,False,True,False
4558609924,2016-04-30,10319,6.82,6.82,0.0,0.47,1.89,4.46,0.0,7,29,293,1111,2105,1.57,79.2,53.0,134.0,1.0,432.5,463.0,62.5,24.39,23.5,False,False,True,False
4558609924,2016-05-01,3428,2.27,2.27,0.0,0.0,0.0,2.27,0.0,0,0,190,1121,1692,1.26,70.8,53.0,127.0,1.0,115.0,129.0,69.9,27.32,23.5,True,True,True,False
4558609924,2016-05-02,7891,5.22,5.22,0.0,0.0,0.0,5.22,0.0,0,0,383,1057,2066,1.55,78.7,55.0,108.0,1.0,432.5,463.0,69.2,27.04,23.5,False,True,True,False
4558609924,2016-05-03,5267,3.48,3.48,0.0,0.6,0.28,2.6,0.0,21,10,237,1172,1953,1.46,82.5,52.0,148.0,1.0,432.5,463.0,62.5,24.39,23.5,False,False,True,False
4558609924,2016-05-04,5232,3.46,3.46,0.0,0.0,0.0,3.46,0.0,0,0,252,1188,1842,1.38,76.8,54.0,127.0,1.0,432.5,463.0,62.5,24.39,23.5,False,False,True,False
4558609924,2016-05-05,10611,7.01,7.01,0.0,1.01,0.5,5.51,0.0,14,8,370,1048,2262,1.7,81.9,48.0,130.0,1.0,432.5,463.0,62.5,24.39,23.5,False,False,True,False
4558609924,2016-05-06,3755,2.48,2.48,0.0,0.0,0.0,2.48,0.0,0,0,202,1238,1722,1.29,71.9,51.0,110.0,1.0,432.5,463.0,62.5,24.39,23.5,False,False,True,False
4558609924,2016-05-07,8237,5.44,5.44,0.0,1.61,1.0,2.83,0.0,23,16,233,1116,1973,1.48,76.2,54.0,116.0,1.0,432.5,463.0,62.5,24.39,23.5,False,False,True,False
4558609924,2016-05-08,6543,4.33,4.33,0.0,1.8,0.5,2.02,0.0,66,35,238,1019,2666,2.0,104.9,45.0,199.0,1.0,123.0,134.0,62.5,24.39,23.5,True,False,True,False
4558609924,2016-05-09,11451,7.57,7.57,0.0,0.43,1.62,5.52,0.0,6,30,339,1065,2223,1.67,79.4,54.0,110.0,1.0,432.5,463.0,69.1,27.0,23.5,False,True,True,False
4558609924,2016-05-10,6435,4.25,4.25,0.0,0.74,1.12,2.39,0.0,11,18,220,1191,1889,1.42,75.8,50.0,147.0,1.0,432.5,463.0,62.5,24.39,23.5,False,False,True,False
4558609924,2016-05-11,9108,6.02,6.02,0.0,0.26,1.82,3.94,0.0,4,31,324,1081,2131,1.6,74.9,44.0,138.0,1.0,432.5,463.0,62.5,24.39,23.5,False,False,True,False
4558609924,2016-05-12,6307,4.17,4.17,0.0,0.0,0.0,4.17,0.0,0,0,247,736,1452,1.58,79.7,54.0,117.0,1.0,432.5,463.0,62.5,24.39,23.5,False,False,True,False
4702921684,2016-04-12,7213,5.88,5.88,0.0,0.0,0.0,5.85,0.0,0,0,263,718,2947,1.46,77.45,52.0,135.5,1.0,425.0,439.0,62.5,24.39,23.5,True,False,False,False
4702921684,2016-04-13,6877,5.58,5.58,0.0,0.0,0.0,5.58,0.0,0,0,258,777,2898,1.44,77.45,52.0,135.5,2.0,400.0,430.0,62.5,24.39,23.5,True,False,False,False
4702921684,2016-04-14,7860,6.37,6.37,0.0,0.0,0.0,6.37,0.0,0,0,271,772,2984,1.48,77.45,52.0,135.5,1.0,384.0,415.0,62.5,24.39,23.5,True,False,False,False
4702921684,2016-04-15,6506,5.28,5.28,0.0,0.07,0.42,4.79,0.0,1,8,256,944,2896,1.44,77.45,52.0,135.5,1.0,253.0,257.0,62.5,24.39,23.5,True,False,False,False
4702921684,2016-04-16,11140,9.03,9.03,0.0,0.24,1.25,7.54,0.0,3,24,335,556,3328,1.65,77.45,52.0,135.5,2.0,382.0,406.0,62.5,24.39,23.5,True,False,False,False
4702921684,2016-04-17,12692,10.29,10.29,0.0,0.96,3.46,5.88,0.0,12,66,302,437,3394,1.68,77.45,52.0,135.5,1.0,591.0,612.0,62.5,24.39,23.5,True,False,False,False
4702921684,2016-04-18,9105,7.38,7.38,0.0,1.82,1.49,4.07,0.0,22,30,191,890,3013,1.49,77.45,52.0,135.5,1.0,293.0,312.0,62.5,24.39,23.5,True,False,False,False
4702921684,2016-04-19,6708,5.44,5.44,0.0,0.88,0.37,4.19,0.0,10,8,179,757,2812,1.39,77.45,52.0,135.5,1.0,457.0,487.0,62.5,24.39,23.5,True,False,False,False
4702921684,2016-04-20,8793,7.13,7.13,0.0,0.16,1.23,5.73,0.0,2,29,260,717,3061,1.52,77.45,52.0,135.5,1.0,454.0,468.0,62.5,24.39,23.5,True,False,False,False
4702921684,2016-04-21,6530,5.3,5.3,0.0,0.31,2.05,2.94,0.0,4,41,144,901,2729,1.35,77.45,52.0,135.5,1.0,425.0,434.0,62.5,24.39,23.5,True,False,False,False
4702921684,2016-04-22,1664,1.35,1.35,0.0,0.0,0.0,1.35,0.0,0,0,72,1341,2241,1.11,77.45,52.0,135.5,1.0,432.5,463.0,62.5,24.39,23.5,False,False,False,False
4702921684,2016-04-23,15126,12.27,12.27,0.0,0.76,3.24,8.27,0.0,9,66,408,469,3691,1.83,77.45,52.0,135.5,1.0,465.0,475.0,62.5,24.39,23.5,True,False,False,False
4702921684,2016-04-24,15050,12.22,12.22,0.0,1.2,5.12,5.88,0.0,15,95,281,542,3538,1.75,77.45,52.0,135.5,1.0,480.0,506.0,62.5,24.39,23.5,True,False,False,False
4702921684,2016-04-25,9167,7.43,7.43,0.0,0.49,0.82,6.11,0.0,6,15,270,730,3064,1.52,77.45,52.0,135.5,1.0,370.0,380.0,62.5,24.39,23.5,True,False,False,False
4702921684,2016-04-26,6108,4.95,4.95,0.0,0.07,0.35,4.54,0.0,1,8,216,765,2784,1.38,77.45,52.0,135.5,1.0,421.0,429.0,62.5,24.39,23.5,True,False,False,False
4702921684,2016-04-27,7047,5.72,5.72,0.0,0.09,0.8,4.78,0.0,1,16,238,733,2908,1.44,77.45,52.0,135.5,1.0,432.0,449.0,62.5,24.39,23.5,True,False,False,False
4702921684,2016-04-28,9023,7.32,7.32,0.0,1.13,0.42,5.77,0.0,14,9,232,738,3033,1.5,77.45,52.0,135.5,1.0,442.0,461.0,62.5,24.39,23.5,True,False,False,False
4702921684,2016-04-29,9930,8.05,8.05,0.0,1.06,0.92,6.07,0.0,12,19,267,692,3165,1.57,77.45,52.0,135.5,1.0,433.0,447.0,62.5,24.39,23.5,True,False,False,False
4702921684,2016-04-30,10144,8.23,8.23,0.0,0.32,2.03,5.88,0.0,4,36,263,728,3115,1.54,77.45,52.0,135.5,1.0,479.0,501.0,62.5,24.39,23.5,True,False,False,False
4702921684,2016-05-01,0,0.0,0.0,0.0,0.0,0.0,0.0,0.0,0,0,0,1440,2017,1.0,77.45,52.0,135.5,1.0,432.5,463.0,62.5,24.39,23.5,False,False,False,True
4702921684,2016-05-02,7245,5.92,5.92,0.0,0.38,1.74,3.76,0.0,5,40,195,1131,2859,1.42,77.45,52.0,135.5,1.0,432.5,463.0,62.5,24.39,23.5,False,False,False,False
4702921684,2016-05-03,9454,7.67,7.67,0.0,0.0,0.0,7.67,0.0,0,0,313,729,3145,1.56,77.45,52.0,135.5,1.0,327.0,373.0,62.5,24.39,23.5,True,False,False,False
4702921684,2016-05-04,8161,6.62,6.62,0.0,0.34,0.73,5.54,0.0,4,15,251,757,3004,1.49,77.45,52.0,135.5,1.0,412.0,434.0,62.5,24.39,23.5,True,False,False,False
4702921684,2016-05-05,8614,6.99,6.99,0.0,0.67,0.22,6.09,0.0,8,5,241,745,3006,1.49,77.45,52.0,135.5,1.0,414.0,428.0,62.5,24.39,23.5,True,False,False,False
4702921684,2016-05-06,6943,5.63,5.63,0.0,0.08,0.66,4.87,0.0,1,16,207,682,2859,1.42,77.45,52.0,135.5,1.0,404.0,449.0,62.5,24.39,23.5,True,False,False,False
4702921684,2016-05-07,14370,11.65,11.65,0.0,0.37,2.31,8.97,0.0,5,46,439,577,3683,1.83,77.45,52.0,135.5,1.0,520.0,543.0,62.5,24.39,23.5,True,False,False,False
4702921684,2016-05-08,12857,10.43,10.43,0.0,0.68,6.21,3.54,0.0,9,125,192,1019,3287,1.63,77.45,52.0,135.5,1.0,432.5,463.0,62.5,24.39,23.5,False,False,False,False
4702921684,2016-05-09,8232,6.68,6.68,0.0,0.0,0.57,6.1,0.0,0,12,253,746,2990,1.48,77.45,52.0,135.5,1.0,435.0,458.0,62.5,24.39,23.5,True,False,False,False
4702921684,2016-05-10,10613,8.61,8.61,0.0,0.08,1.88,6.65,0.0,1,37,262,701,3172,1.57,77.45,52.0,135.5,1.0,416.0,431.0,62.5,24.39,23.5,True,False,False,False
4702921684,2016-05-11,9810,7.96,7.96,0.0,0.78,2.16,4.98,0.0,10,41,235,784,3069,1.52,77.45,52.0,135.5,1.0,354.0,366.0,62.5,24.39,23.5,True,False,False,False
4702921684,2016-05-12,2752,2.23,2.23,0.0,0.0,0.0,2.23,0.0,0,0,68,241,1240,1.32,77.45,52.0,135.5,1.0,404.0,442.0,62.5,24.39,23.5,True,False,False,False
5553957443,2016-04-12,11596,7.57,7.57,0.0,1.37,0.79,5.41,0.0,19,13,277,767,2026,1.54,64.4,50.0,106.0,1.0,441.0,464.0,62.5,24.39,23.5,True,False,True,False
5553957443,2016-04-13,4832,3.16,3.16,0.0,0.0,0.0,3.16,0.0,0,0,226,647,1718,1.3,61.5,47.0,95.0,2.0,455.0,488.0,62.5,24.39,23.5,True,False,True,False
5553957443,2016-04-14,17022,11.12,11.12,0.0,4.0,2.45,4.67,0.0,61,41,256,693,2324,1.76,72.6,51.0,133.0,1.0,357.0,418.0,62.5,24.39,23.5,True,False,True,False
5553957443,2016-04-15,16556,10.86,10.86,0.0,4.16,1.98,4.71,0.0,58,38,239,689,2254,1.71,69.0,50.0,123.0,1.0,377.0,409.0,62.5,24.39,23.5,True,False,True,False
5553957443,2016-04-16,5771,3.77,3.77,0.0,0.0,0.0,3.77,0.0,0,0,288,521,1831,1.39,66.0,50.0,116.0,2.0,651.0,686.0,62.5,24.39,23.5,True,False,True,False
5553957443,2016-04-17,655,0.43,0.43,0.0,0.0,0.0,0.43,0.0,0,0,46,943,1397,1.06,59.4,49.0,84.0,1.0,350.0,402.0,62.5,24.39,23.5,True,False,True,False
5553957443,2016-04-18,3727,2.43,2.43,0.0,0.0,0.0,2.43,0.0,0,0,206,622,1683,1.28,65.4,53.0,91.0,2.0,520.0,541.0,62.5,24.39,23.5,True,False,True,False
5553957443,2016-04-19,15482,10.11,10.11,0.0,4.28,1.66,4.18,0.0,69,28,249,756,2284,1.73,74.9,49.0,128.0,1.0,357.0,410.0,62.5,24.39,23.5,True,False,True,False
5553957443,2016-04-20,2713,1.77,1.77,0.0,0.0,0.0,1.77,0.0,0,0,148,598,1570,1.19,60.0,48.0,84.0,1.0,658.0,678.0,62.5,24.39,23.5,True,False,True,False
5553957443,2016-04-21,12346,8.06,8.06,0.0,2.95,2.16,2.96,0.0,47,42,177,801,2066,1.57,71.3,49.0,127.0,1.0,399.0,431.0,62.5,24.39,23.5,True,False,True,False
5553957443,2016-04-22,11682,7.63,7.63,0.0,1.38,0.63,5.6,0.0,25,16,270,781,2105,1.6,70.4,51.0,128.0,1.0,322.0,353.0,62.5,24.39,23.5,True,False,True,False
5553957443,2016-04-23,4112,2.69,2.69,0.0,0.0,0.0,2.68,0.0,0,0,272,443,1776,1.35,67.1,52.0,94.0,2.0,631.0,725.0,62.5,24.39,23.5,True,False,True,False
5553957443,2016-04-24,1807,1.18,1.18,0.0,0.0,0.0,1.18,0.0,0,0,104,582,1507,1.14,64.0,50.0,92.0,2.0,553.0,640.0,62.5,24.39,23.5,True,False,True,False
5553957443,2016-04-25,10946,7.19,7.19,0.0,2.93,0.57,3.69,0.0,51,11,201,732,2033,1.54,72.0,52.0,132.0,1.0,433.0,468.0,62.5,24.39,23.5,True,False,True,False
5553957443,2016-04-26,11886,7.76,7.76,0.0,2.37,0.93,4.46,0.0,40,18,238,750,2093,1.59,73.0,53.0,128.0,1.0,412.0,453.0,62.5,24.39,23.5,True,False,True,False
5553957443,2016-04-27,10538,6.88,6.88,0.0,1.14,1.0,4.74,0.0,16,16,206,745,1922,1.46,65.1,49.0,104.0,1.0,347.0,391.0,62.5,24.39,23.5,True,False,True,False
5553957443,2016-04-28,11393,7.63,7.63,0.0,3.71,0.75,3.17,0.0,49,13,165,727,1999,1.52,71.1,51.0,149.0,1.0,421.0,457.0,62.5,24.39,23.5,True,False,True,False
5553957443,2016-04-29,12764,8.33,8.33,0.0,2.79,0.64,4.91,0.0,46,15,270,709,2169,1.64,73.1,50.0,156.0,1.0,450.0,495.0,62.5,24.39,23.5,True,False,True,False
5553957443,2016-04-30,1202,0.78,0.78,0.0,0.0,0.0,0.78,0.0,0,0,84,506,1463,1.11,65.8,49.0,89.0,2.0,775.0,843.0,62.5,24.39,23.5,True,False,True,False
5553957443,2016-05-01,5164,3.37,3.37,0.0,0.0,0.0,3.37,0.0,0,0,237,436,1747,1.32,66.5,49.0,116.0,2.0,622.0,686.0,62.5,24.39,23.5,True,False,True,False
5553957443,2016-05-02,9769,6.38,6.38,0.0,1.06,0.41,4.9,0.0,23,9,227,724,1996,1.52,72.6,50.0,125.0,1.0,409.0,471.0,62.5,24.39,23.5,True,False,True,False
5553957443,2016-05-03,12848,8.39,8.39,0.0,1.5,1.2,5.68,0.0,26,29,247,812,2116,1.61,70.0,50.0,134.0,1.0,380.0,429.0,62.5,24.39,23.5,True,False,True,False
5553957443,2016-05-04,4249,2.77,2.77,0.0,0.0,0.0,2.77,0.0,0,0,224,651,1698,1.29,61.7,47.0,108.0,1.0,447.0,470.0,62.5,24.39,23.5,True,False,True,False
5553957443,2016-05-05,14331,9.51,9.51,0.0,3.43,1.66,4.43,0.0,44,29,241,692,2156,1.64,69.4,49.0,165.0,1.0,419.0,464.0,62.5,24.39,23.5,True,False,True,False
5553957443,2016-05-06,9632,6.29,6.29,0.0,1.52,0.54,4.23,0.0,21,9,229,761,1916,1.46,63.2,51.0,104.0,1.0,400.0,434.0,62.5,24.39,23.5,True,False,True,False
5553957443,2016-05-07,1868,1.22,1.22,0.0,0.0,0.0,1.22,0.0,0,0,96,902,1494,1.14,63.0,51.0,140.0,1.0,442.0,470.0,62.5,24.39,23.5,True,False,True,False
5553957443,2016-05-08,6083,4.0,4.0,0.0,0.22,0.47,3.3,0.0,3,8,210,505,1762,1.34,65.6,51.0,110.0,1.0,568.0,608.0,62.5,24.39,23.5,True,False,True,False
5553957443,2016-05-09,11611,7.58,7.58,0.0,2.13,0.89,4.56,0.0,59,22,251,667,2272,1.73,76.7,51.0,149.0,1.0,453.0,494.0,62.5,24.39,23.5,True,False,True,False
5553957443,2016-05-10,16358,10.71,10.71,0.0,3.87,1.61,5.2,0.0,61,40,265,707,2335,1.78,76.8,53.0,133.0,1.0,418.0,443.0,62.5,24.39,23.5,True,False,True,False
5553957443,2016-05-11,4926,3.22,3.22,0.0,0.0,0.0,3.22,0.0,0,0,195,628,1693,1.29,65.4,54.0,103.0,1.0,463.0,486.0,62.5,24.39,23.5,True,False,True,False
5553957443,2016-05-12,3121,2.04,2.04,0.0,0.58,0.4,1.06,0.0,8,6,48,222,741,1.31,64.2,54.0,107.0,1.0,438.0,475.0,62.5,24.39,23.5,True,False,True,False
5577150313,2016-04-12,8135,6.08,6.08,0.0,3.6,0.38,2.1,0.0,86,16,140,728,3405,1.84,65.7,41.0,154.0,1.0,419.0,438.0,62.5,24.39,23.5,True,False,True,False
5577150313,2016-04-13,5077,3.79,3.79,0.0,0.32,0.22,3.25,0.0,15,11,144,776,2551,1.38,59.7,44.0,121.0,1.0,432.0,458.0,62.5,24.39,23.5,True,False,True,False
5577150313,2016-04-14,8596,6.42,6.42,0.0,3.33,0.31,2.78,0.0,118,30,176,662,4022,2.21,76.8,43.0,172.0,1.0,477.0,497.0,62.5,24.39,23.5,True,False,True,False
5577150313,2016-04-15,12087,9.08,9.08,0.0,3.92,1.6,3.56,0.0,115,54,199,695,4005,2.2,73.7,39.0,157.0,1.0,392.0,413.0,62.5,24.39,23.5,True,False,True,False
5577150313,2016-04-16,14269,10.66,10.66,0.0,6.64,1.28,2.73,0.0,184,56,158,472,4274,2.35,69.8,43.0,136.0,1.0,406.0,445.0,62.5,24.39,23.5,True,False,True,False
5577150313,2016-04-17,12231,9.14,9.14,0.0,5.98,0.83,2.32,0.0,200,37,159,525,4552,2.5,71.1,40.0,174.0,1.0,549.0,583.0,90.7,28.0,23.5,True,True,True,False
5577150313,2016-04-18,9893,7.39,7.39,0.0,4.86,0.72,1.82,0.0,114,32,130,623,3625,1.99,68.6,41.0,165.0,1.0,527.0,553.0,62.5,24.39,23.5,True,False,True,False
5577150313,2016-04-19,12574,9.42,9.42,0.0,7.02,0.64,1.76,0.0,108,23,111,733,3501,1.92,70.5,42.0,159.0,1.0,449.0,465.0,62.5,24.39,23.5,True,False,True,False
5577150313,2016-04-20,8330,6.22,6.22,0.0,4.12,0.34,1.76,0.0,87,16,113,773,3192,1.75,69.2,45.0,135.0,1.0,447.0,480.0,62.5,24.39,23.5,True,False,True,False
5577150313,2016-04-21,10830,8.09,8.09,0.0,3.65,1.66,2.78,0.0,110,74,175,670,4018,2.21,72.3,43.0,168.0,1.0,414.0,437.0,62.5,24.39,23.5,True,False,True,False
5577150313,2016-04-22,9172,6.85,6.85,0.0,2.42,0.79,3.3,0.0,62,30,200,823,3329,1.8,64.6,43.0,132.0,1.0,338.0,366.0,62.5,24.39,23.5,True,False,True,False
5577150313,2016-04-23,7638,5.71,5.71,0.0,1.21,0.36,4.14,0.0,24,24,223,627,3152,1.73,65.1,40.0,171.0,1.0,384.0,402.0,62.5,24.39,23.5,True,False,True,False
5577150313,2016-04-24,15764,11.78,11.78,0.0,7.65,2.15,1.98,0.0,210,65,141,425,4392,2.41,72.3,40.0,131.0,1.0,543.0,615.0,62.5,24.39,23.5,True,False,True,False
5577150313,2016-04-25,6393,4.78,4.78,0.0,1.35,0.67,2.76,0.0,61,38,214,743,3374,1.85,67.5,43.0,125.0,1.0,421.0,461.0,62.5,24.39,23.5,True,False,True,False
5577150313,2016-04-26,5325,3.98,3.98,0.0,0.85,0.65,2.47,0.0,38,32,181,759,3088,1.7,65.4,40.0,122.0,1.0,354.0,377.0,62.5,24.39,23.5,True,False,True,False
5577150313,2016-04-27,6805,5.14,5.14,0.0,1.81,0.4,2.93,0.0,63,16,190,773,3294,1.81,66.4,42.0,130.0,1.0,424.0,452.0,62.5,24.39,23.5,True,False,True,False
5577150313,2016-04-28,9841,7.43,7.43,0.0,3.25,1.17,3.01,0.0,99,51,141,692,3580,1.97,70.7,40.0,171.0,1.0,361.0,372.0,62.5,24.39,23.5,True,False,True,False
5577150313,2016-04-29,7924,5.92,5.92,0.0,2.84,0.61,2.47,0.0,97,36,165,739,3544,1.95,66.3,42.0,141.0,1.0,459.0,485.0,62.5,24.39,23.5,True,False,True,False
5577150313,2016-04-30,12363,9.24,9.24,0.0,5.83,0.79,2.61,0.0,207,45,163,621,4501,2.47,71.6,41.0,138.0,1.0,412.0,433.0,62.5,24.39,23.5,True,False,True,False
5577150313,2016-05-01,13368,9.99,9.99,0.0,5.31,1.44,3.24,0.0,194,72,178,499,4546,2.5,73.7,44.0,140.0,1.0,379.0,398.0,62.5,24.39,23.5,True,False,True,False
5577150313,2016-05-02,7439,5.56,5.56,0.0,1.12,0.35,4.07,0.0,37,20,235,732,3014,1.66,64.6,43.0,128.0,2.0,525.0,553.0,62.5,24.39,23.5,True,False,True,False
5577150313,2016-05-03,11045,8.25,8.25,0.0,4.52,0.15,3.57,0.0,97,8,212,580,3795,2.09,70.0,42.0,154.0,1.0,508.0,543.0,62.5,24.39,23.5,True,False,True,False
5577150313,2016-05-04,5206,3.89,3.89,0.0,1.56,0.25,2.08,0.0,25,9,141,631,2755,1.51,62.2,36.0,143.0,1.0,603.0,634.0,62.5,24.39,23.5,True,False,True,False
5577150313,2016-05-05,7550,5.64,5.64,0.0,2.5,0.47,2.67,0.0,45,21,143,1153,3004,1.65,72.2,50.0,141.0,1.0,74.0,78.0,62.5,24.39,23.5,True,False,True,False
5577150313,2016-05-06,4950,3.7,3.7,0.0,1.93,0.32,1.45,0.0,41,16,79,1304,2643,1.45,70.5,48.0,134.0,1.0,432.5,463.0,62.5,24.39,23.5,False,False,True,False
5577150313,2016-05-07,0,0.0,0.0,0.0,0.0,0.0,0.0,0.0,0,0,0,1440,1819,1.0,77.45,52.0,135.5,1.0,432.5,463.0,62.5,24.39,23.5,False,False,False,True
5577150313,2016-05-08,0,0.0,0.0,0.0,0.0,0.0,0.0,0.0,0,0,0,1440,1819,1.0,77.45,52.0,135.5,1.0,432.5,463.0,62.5,24.39,23.5,False,False,False,True
5577150313,2016-05-09,3421,2.56,2.56,0.0,1.43,0.14,0.99,0.0,34,11,70,1099,2489,1.37,68.0,51.0,130.0,1.0,432.5,463.0,62.5,24.39,23.5,False,False,True,False
5577150313,2016-05-10,8869,6.65,6.65,0.0,2.56,0.75,3.35,0.0,104,37,194,639,3841,2.11,75.3,42.0,172.0,1.0,504.0,562.0,62.5,24.39,23.5,True,False,True,False
5577150313,2016-05-11,4038,3.04,3.04,0.0,1.83,0.3,0.89,0.0,45,15,63,257,1665,1.81,67.0,45.0,173.0,1.0,431.0,476.0,62.5,24.39,23.5,True,False,True,False
6117666160,2016-04-12,0,0.0,0.0,0.0,0.0,0.0,0.0,0.0,0,0,0,1440,1496,1.0,77.45,52.0,135.5,1.0,432.5,463.0,62.5,24.39,23.5,False,False,False,True
6117666160,2016-04-13,0,0.0,0.0,0.0,0.0,0.0,0.0,0.0,0,0,0,1440,1496,1.0,77.45,52.0,135.5,1.0,432.5,463.0,62.5,24.39,23.5,False,False,False,True
6117666160,2016-04-14,0,0.0,0.0,0.0,0.0,0.0,0.0,0.0,0,0,0,1440,1496,1.0,77.45,52.0,135.5,1.0,432.5,463.0,62.5,24.39,23.5,False,False,False,True
6117666160,2016-04-15,14019,10.59,10.59,0.0,0.0,0.28,10.3,0.0,0,6,513,921,2865,1.91,97.9,57.0,137.0,1.0,432.5,463.0,62.5,24.39,23.5,False,False,True,False
6117666160,2016-04-16,14450,10.91,10.91,0.0,0.58,0.85,9.48,0.0,7,15,518,502,2828,1.89,87.0,54.0,155.0,1.0,380.0,398.0,62.5,24.39,23.5,True,False,True,False
6117666160,2016-04-17,7150,5.4,5.4,0.0,0.0,0.0,5.4,0.0,0,0,312,702,2225,1.49,85.4,59.0,130.0,2.0,336.0,350.0,62.5,24.39,23.5,True,False,True,False
6117666160,2016-04-18,5153,3.91,3.91,0.0,0.0,0.0,3.89,0.0,0,0,241,759,2018,1.35,82.9,61.0,116.0,2.0,493.0,510.0,62.5,24.39,23.5,True,False,True,False
6117666160,2016-04-19,11135,8.41,8.41,0.0,0.0,0.0,8.41,0.0,0,0,480,425,2606,1.74,83.5,53.0,124.0,1.0,465.0,492.0,62.5,24.39,23.5,True,False,True,False
6117666160,2016-04-20,10449,8.02,8.02,0.0,2.03,0.48,5.52,0.0,26,10,349,587,2536,1.69,85.5,52.0,181.0,1.0,474.0,502.0,62.5,24.39,23.5,True,False,True,False
6117666160,2016-04-21,19542,15.01,15.01,0.0,0.98,0.4,5.62,0.0,11,19,294,579,4900,1.58,79.4,52.0,154.0,1.0,508.0,550.0,62.5,24.39,23.5,True,False,True,False
6117666160,2016-04-22,8206,6.2,6.2,0.0,0.0,0.0,6.2,0.0,0,0,402,413,2409,1.61,81.7,53.0,139.0,1.0,480.0,546.0,62.5,24.39,23.5,True,False,True,False
6117666160,2016-04-23,11495,8.68,8.68,0.0,0.0,0.0,8.68,0.0,0,0,512,468,2651,1.77,81.8,54.0,121.0,1.0,492.0,539.0,62.5,24.39,23.5,True,False,True,False
6117666160,2016-04-24,7623,5.76,5.76,0.0,0.0,0.0,5.76,0.0,0,0,362,711,2305,1.54,84.2,55.0,129.0,1.0,353.0,367.0,62.5,24.39,23.5,True,False,True,False
6117666160,2016-04-25,0,0.0,0.0,0.0,0.0,0.0,0.0,0.0,0,0,0,1440,1497,1.0,77.45,52.0,135.5,1.0,432.5,463.0,62.5,24.39,23.5,False,False,False,True
6117666160,2016-04-26,9543,7.21,7.21,0.0,0.0,0.34,6.87,0.0,0,7,352,1077,2450,1.64,90.6,60.0,136.0,1.0,432.5,463.0,62.5,24.39,23.5,False,False,True,False
6117666160,2016-04-27,9411,7.11,7.11,0.0,0.0,0.0,7.11,0.0,0,0,458,417,2576,1.72,83.1,52.0,126.0,1.0,542.0,557.0,62.5,24.39,23.5,True,False,True,False
6117666160,2016-04-28,3403,2.6,2.6,0.0,0.0,0.0,2.6,0.0,0,0,141,758,1879,1.26,80.1,54.0,145.0,1.0,393.0,416.0,62.5,24.39,23.5,True,False,True,False
6117666160,2016-04-29,9592,7.24,7.24,0.0,0.0,0.0,7.24,0.0,0,0,461,479,2560,1.71,82.2,55.0,121.0,1.0,600.0,636.0,62.5,24.39,23.5,True,False,True,False
6117666160,2016-04-30,6987,5.28,5.28,0.0,0.0,0.0,5.28,0.0,0,0,343,1040,2275,1.52,85.3,53.0,189.0,1.0,432.5,463.0,62.5,24.39,23.5,False,False,True,False
6117666160,2016-05-01,8915,6.73,6.73,0.0,0.0,0.0,6.73,0.0,0,0,397,525,2361,1.58,77.4,55.0,114.0,1.0,507.0,575.0,62.5,24.39,23.5,True,False,True,False
6117666160,2016-05-02,4933,3.73,3.73,0.0,0.0,0.0,3.73,0.0,0,0,236,1204,2044,1.36,91.7,61.0,123.0,1.0,432.5,463.0,62.5,24.39,23.5,False,False,True,False
6117666160,2016-05-03,0,0.0,0.0,0.0,0.0,0.0,0.0,0.0,0,0,0,1440,1496,1.0,77.45,52.0,135.5,1.0,432.5,463.0,62.5,24.39,23.5,False,False,False,True
6117666160,2016-05-04,2997,2.26,2.26,0.0,0.0,0.0,2.26,0.0,0,0,156,1279,1902,1.27,92.9,62.0,124.0,1.0,432.5,463.0,62.5,24.39,23.5,False,False,True,False
6117666160,2016-05-05,9799,7.4,7.4,0.0,0.0,0.0,7.4,0.0,0,0,487,479,2636,1.76,84.7,52.0,120.0,1.0,392.0,415.0,62.5,24.39,23.5,True,False,True,False
6117666160,2016-05-06,3365,2.68,2.68,0.0,0.0,0.0,2.68,0.0,0,0,133,673,1838,1.23,76.6,54.0,126.0,2.0,658.0,698.0,62.5,24.39,23.5,True,False,True,False
6117666160,2016-05-07,7336,5.54,5.54,0.0,0.0,0.0,5.54,0.0,0,0,412,456,2469,1.65,83.9,54.0,126.0,2.0,498.0,507.0,62.5,24.39,23.5,True,False,True,False
6117666160,2016-05-08,7328,5.53,5.53,0.0,0.0,0.0,5.53,0.0,0,0,318,517,2250,1.5,81.1,52.0,118.0,1.0,555.0,603.0,62.5,24.39,23.5,True,False,True,False
6117666160,2016-05-09,4477,3.38,3.38,0.0,0.0,0.0,3.38,0.0,0,0,197,125,1248,1.45,76.5,52.0,113.0,1.0,492.0,522.0,62.5,24.39,23.5,True,False,True,False
6290855005,2016-04-12,4562,3.45,3.45,0.0,0.0,0.0,3.45,0.0,0,0,199,1241,2560,1.24,77.45,52.0,135.5,1.0,432.5,463.0,62.5,24.39,23.5,False,False,False,False
6290855005,2016-04-13,7142,5.4,5.4,0.0,0.0,0.0,5.39,0.01,0,0,350,1090,2905,1.41,77.45,52.0,135.5,1.0,432.5,463.0,62.5,24.39,23.5,False,False,False,False
6290855005,2016-04-14,7671,5.8,5.8,0.0,0.0,0.0,5.77,0.03,0,0,363,1077,2952,1.43,77.45,52.0,135.5,1.0,432.5,463.0,62.5,24.39,23.5,False,False,False,False
6290855005,2016-04-15,9501,7.18,7.18,0.0,0.0,0.0,7.17,0.01,0,0,328,1112,2896,1.41,77.45,52.0,135.5,1.0,432.5,463.0,62.5,24.39,23.5,False,False,False,False
6290855005,2016-04-16,8301,6.28,6.28,0.0,0.0,0.0,6.27,0.01,0,0,258,1182,2783,1.35,77.45,52.0,135.5,1.0,432.5,463.0,62.5,24.39,23.5,False,False,False,False
6290855005,2016-04-17,7851,5.94,5.94,0.0,1.14,0.79,4.0,0.0,31,12,225,1172,3171,1.54,77.45,52.0,135.5,1.0,432.5,463.0,62.5,24.39,23.5,False,False,False,False
6290855005,2016-04-18,6885,5.21,5.21,0.0,0.0,0.0,5.19,0.02,0,0,271,1169,2766,1.34,77.45,52.0,135.5,1.0,432.5,463.0,62.5,24.39,23.5,False,False,False,False
6290855005,2016-04-19,7142,5.4,5.4,0.0,0.0,0.0,5.39,0.01,0,0,321,1119,2839,1.38,77.45,52.0,135.5,1.0,432.5,463.0,62.5,24.39,23.5,False,False,False,False
6290855005,2016-04-20,6361,4.81,4.81,0.0,0.0,0.0,4.8,0.01,0,0,258,1182,2701,1.31,77.45,52.0,135.5,1.0,432.5,463.0,62.5,24.39,23.5,False,False,False,False
6290855005,2016-04-21,0,0.0,0.0,0.0,0.0,0.0,0.0,0.0,0,0,0,1440,2060,1.0,77.45,52.0,135.5,1.0,432.5,463.0,62.5,24.39,23.5,False,False,False,True
6290855005,2016-04-22,6238,4.72,4.72,0.0,0.0,0.0,4.72,0.0,0,0,302,1138,2796,1.36,77.45,52.0,135.5,1.0,432.5,463.0,62.5,24.39,23.5,False,False,False,False
6290855005,2016-04-23,0,0.0,0.0,0.0,0.0,0.0,0.0,0.0,33,0,0,1407,2664,1.29,77.45,52.0,135.5,1.0,432.5,463.0,62.5,24.39,23.5,False,False,False,True
6290855005,2016-04-24,5896,4.46,4.46,0.0,0.0,0.0,4.46,0.0,0,0,258,1182,2703,1.31,77.45,52.0,135.5,1.0,432.5,463.0,62.5,24.39,23.5,False,False,False,False
6290855005,2016-04-25,7802,5.9,5.9,0.0,0.68,0.18,5.03,0.01,8,3,249,1180,2771,1.34,77.45,52.0,135.5,1.0,432.5,463.0,62.5,24.39,23.5,False,False,False,False
6290855005,2016-04-26,0,0.0,0.0,0.0,0.0,0.0,0.0,0.0,0,0,0,1440,2060,1.0,77.45,52.0,135.5,1.0,432.5,463.0,62.5,24.39,23.5,False,False,False,True
6290855005,2016-04-27,5565,4.21,4.21,0.0,0.0,0.0,4.18,0.03,0,0,287,1153,2743,1.33,77.45,52.0,135.5,1.0,432.5,463.0,62.5,24.39,23.5,False,False,False,False
6290855005,2016-04-28,5731,4.33,4.33,0.0,0.0,0.0,4.33,0.0,0,0,255,1185,2687,1.3,77.45,52.0,135.5,1.0,432.5,463.0,62.5,24.39,23.5,False,False,False,False
6290855005,2016-04-29,0,0.0,0.0,0.0,0.0,0.0,0.0,0.0,0,0,0,1440,2060,1.0,77.45,52.0,135.5,1.0,432.5,463.0,62.5,24.39,23.5,False,False,False,True
6290855005,2016-04-30,6744,5.1,5.1,0.0,0.0,0.0,5.09,0.01,0,0,324,1116,2843,1.38,77.45,52.0,135.5,1.0,432.5,463.0,62.5,24.39,23.5,False,False,False,False
6290855005,2016-05-01,9837,7.44,7.44,0.0,0.66,2.75,4.0,0.02,8,95,282,1055,3327,1.62,77.45,52.0,135.5,1.0,432.5,463.0,62.5,24.39,23.5,False,False,False,False
6290855005,2016-05-02,6781,5.13,5.13,0.0,0.0,0.0,5.11,0.02,0,0,268,1172,2725,1.32,77.45,52.0,135.5,1.0,432.5,463.0,62.5,24.39,23.5,False,False,False,False
6290855005,2016-05-03,6047,4.57,4.57,0.0,0.0,0.0,4.57,0.0,0,0,240,1200,2671,1.3,77.45,52.0,135.5,1.0,432.5,463.0,62.5,24.39,23.5,False,False,False,False
6290855005,2016-05-04,5832,4.41,4.41,0.0,0.0,0.0,4.4,0.01,0,0,272,1168,2718,1.32,77.45,52.0,135.5,1.0,432.5,463.0,62.5,24.39,23.5,False,False,False,False
6290855005,2016-05-05,6339,4.79,4.79,0.0,0.0,0.0,4.79,0.0,0,0,239,1201,2682,1.3,77.45,52.0,135.5,1.0,432.5,463.0,62.5,24.39,23.5,False,False,False,False
6290855005,2016-05-06,6116,4.62,4.62,0.0,0.0,0.0,4.59,0.03,0,0,305,1135,2806,1.36,77.45,52.0,135.5,1.0,432.5,463.0,62.5,24.39,23.5,False,False,False,False
6290855005,2016-05-07,5510,4.17,4.17,0.0,0.0,0.0,4.16,0.0,0,0,227,1213,2613,1.27,77.45,52.0,135.5,1.0,432.5,463.0,62.5,24.39,23.5,False,False,False,False
6290855005,2016-05-08,7706,5.83,5.83,0.0,0.0,0.0,5.82,0.0,0,0,251,1189,2712,1.32,77.45,52.0,135.5,1.0,432.5,463.0,62.5,24.39,23.5,False,False,False,False
6290855005,2016-05-09,6277,4.75,4.75,0.0,0.0,0.0,4.73,0.02,0,0,264,800,2175,1.43,77.45,52.0,135.5,1.0,432.5,463.0,62.5,24.39,23.5,False,False,False,False
6290855005,2016-05-10,0,0.0,0.0,0.0,0.0,0.0,0.0,0.0,0,0,0,1440,0,1.47,77.45,52.0,135.5,1.0,432.5,463.0,62.5,24.39,23.5,False,False,False,True
6775888955,2016-04-12,0,0.0,0.0,0.0,0.0,0.0,0.0,0.0,0,0,0,1440,1841,1.0,77.45,52.0,135.5,1.0,432.5,463.0,62.5,24.39,23.5,False,False,False,True
6775888955,2016-04-13,4053,2.91,2.91,0.0,1.11,0.58,1.22,0.0,17,18,85,1053,2400,1.3,82.7,55.0,135.0,1.0,235.0,260.0,62.5,24.39,23.5,True,False,True,False
6775888955,2016-04-14,5162,3.7,3.7,0.0,0.87,0.86,1.97,0.0,14,24,105,863,2507,1.36,79.3,57.0,134.0,1.0,423.0,441.0,62.5,24.39,23.5,True,False,True,False
6775888955,2016-04-15,1282,0.92,0.92,0.0,0.0,0.0,0.92,0.0,0,0,58,976,2127,1.16,80.6,62.0,126.0,1.0,391.0,406.0,62.5,24.39,23.5,True,False,True,False
6775888955,2016-04-16,4732,3.39,3.39,0.0,2.52,0.81,0.06,0.0,36,18,9,1377,2225,1.21,108.6,70.0,143.0,1.0,432.5,463.0,62.5,24.39,23.5,False,False,True,False
6775888955,2016-04-17,2497,1.79,1.79,0.0,0.35,1.13,0.31,0.0,5,24,19,1392,2067,1.12,102.4,70.0,118.0,1.0,432.5,463.0,62.5,24.39,23.5,False,False,True,False
6775888955,2016-04-18,8294,5.95,5.95,0.0,2.0,0.77,3.17,0.0,30,31,146,1233,2798,1.52,97.7,66.0,177.0,1.0,432.5,463.0,62.5,24.39,23.5,False,False,True,False
6775888955,2016-04-19,0,0.0,0.0,0.0,0.0,0.0,0.0,0.0,0,0,0,1440,1841,1.0,99.5,66.0,177.0,1.0,432.5,463.0,62.5,24.39,23.5,False,False,True,True
6775888955,2016-04-20,10771,7.72,7.72,0.0,3.77,1.74,2.22,0.0,70,113,178,1079,3727,2.02,105.6,70.0,155.0,1.0,432.5,463.0,62.5,24.39,23.5,False,False,True,False
6775888955,2016-04-21,0,0.0,0.0,0.0,0.0,0.0,0.0,0.0,0,0,0,1440,1841,1.0,77.45,52.0,135.5,1.0,432.5,463.0,62.5,24.39,23.5,False,False,False,True
6775888955,2016-04-22,637,0.46,0.46,0.0,0.0,0.0,0.46,0.0,0,0,20,1420,1922,1.04,90.9,66.0,123.0,1.0,432.5,463.0,62.5,24.39,23.5,False,False,True,False
6775888955,2016-04-23,0,0.0,0.0,0.0,0.0,0.0,0.0,0.0,0,0,0,1440,1841,1.0,77.45,52.0,135.5,1.0,432.5,463.0,62.5,24.39,23.5,False,False,False,True
6775888955,2016-04-24,2153,1.54,1.54,0.0,0.77,0.62,0.15,0.0,11,18,11,1400,2053,1.12,109.8,70.0,140.0,1.0,432.5,463.0,62.5,24.39,23.5,False,False,True,False
6775888955,2016-04-25,6474,4.64,4.64,0.0,2.27,0.46,1.9,0.0,33,13,92,1302,2484,1.35,94.7,58.0,131.0,1.0,432.5,463.0,62.5,24.39,23.5,False,False,True,False
6775888955,2016-04-26,7091,5.27,5.27,1.96,3.48,0.87,0.73,0.0,42,30,47,1321,2584,1.4,99.7,56.0,143.0,1.0,432.5,463.0,62.5,24.39,23.5,False,False,True,False
6775888955,2016-04-27,0,0.0,0.0,0.0,0.0,0.0,0.0,0.0,0,0,0,1440,1841,1.0,77.45,52.0,135.5,1.0,432.5,463.0,62.5,24.39,23.5,False,False,False,True
6775888955,2016-04-28,703,0.5,0.5,0.0,0.06,0.2,0.24,0.0,2,13,15,1410,1993,1.08,104.7,70.0,134.0,1.0,432.5,463.0,62.5,24.39,23.5,False,False,True,False
6775888955,2016-04-29,0,0.0,0.0,0.0,0.0,0.0,0.0,0.0,0,0,0,1440,1841,1.0,81.8,70.0,109.0,1.0,432.5,463.0,62.5,24.39,23.5,False,False,True,True
6775888955,2016-04-30,2503,1.79,1.79,0.0,0.16,0.16,1.48,0.0,3,9,84,1344,2280,1.24,96.1,68.0,125.0,1.0,432.5,463.0,62.5,24.39,23.5,False,False,True,False
6775888955,2016-05-01,2487,1.78,1.78,0.0,0.48,0.62,0.68,0.0,9,34,50,1347,2319,1.26,107.1,70.0,129.0,1.0,432.5,463.0,62.5,24.39,23.5,False,False,True,False
6775888955,2016-05-02,0,0.0,0.0,0.0,0.0,0.0,0.0,0.0,0,0,0,1440,1841,1.0,77.45,52.0,135.5,1.0,432.5,463.0,62.5,24.39,23.5,False,False,False,True
6775888955,2016-05-03,9,0.01,0.01,0.0,0.0,0.0,0.01,0.0,0,0,1,1439,1843,1.0,77.45,52.0,135.5,1.0,432.5,463.0,62.5,24.39,23.5,False,False,False,False
6775888955,2016-05-04,0,0.0,0.0,0.0,0.0,0.0,0.0,0.0,0,0,0,1440,1841,1.0,77.45,52.0,135.5,1.0,432.5,463.0,62.5,24.39,23.5,False,False,False,True
6775888955,2016-05-05,0,0.0,0.0,0.0,0.0,0.0,0.0,0.0,0,0,0,1440,1841,1.0,77.45,52.0,135.5,1.0,432.5,463.0,62.5,24.39,23.5,False,False,False,True
6775888955,2016-05-06,4697,3.37,3.37,0.0,0.47,0.93,1.93,0.0,12,35,75,1318,2496,1.36,98.9,71.0,135.0,1.0,432.5,463.0,62.5,24.39,23.5,False,False,True,False
6775888955,2016-05-07,1967,1.41,1.41,0.0,0.13,0.24,1.05,0.0,2,5,49,551,1032,1.32,94.2,70.0,118.0,1.0,432.5,463.0,62.5,24.39,23.5,False,False,True,False
6962181067,2016-04-12,10199,6.74,6.74,0.0,3.4,0.83,2.51,0.0,50,14,189,796,1994,1.53,85.0,47.0,176.0,1.0,366.0,387.0,62.5,24.39,23.5,True,True,True,False
6962181067,2016-04-13,5652,3.74,3.74,0.0,0.57,1.21,1.96,0.0,8,24,142,548,1718,1.32,80.5,59.0,149.0,3.0,630.0,679.0,62.1,24.24,23.5,True,True,True,False
6962181067,2016-04-14,1551,1.03,1.03,0.0,0.0,0.0,1.03,0.0,0,0,86,862,1466,1.13,70.1,55.0,131.0,2.0,508.0,535.0,61.7,24.1,23.5,True,True,True,False
6962181067,2016-04-15,5563,3.68,3.68,0.0,0.0,0.0,3.68,0.0,0,0,217,837,1756,1.36,73.0,54.0,115.0,1.0,370.0,386.0,61.5,24.0,23.5,True,True,True,False
6962181067,2016-04-16,13217,8.74,8.74,0.0,3.66,0.19,4.88,0.0,50,3,280,741,2173,1.67,82.0,55.0,142.0,1.0,357.0,366.0,62.0,24.21,23.5,True,True,True,False
6962181067,2016-04-17,10145,6.71,6.71,0.0,0.33,0.68,5.69,0.0,5,13,295,634,2027,1.57,76.7,58.0,139.0,1.0,427.0,446.0,61.4,23.96,23.5,True,True,True,False
6962181067,2016-04-18,11404,7.54,7.54,0.0,0.83,2.39,4.32,0.0,13,42,238,689,2039,1.58,76.9,55.0,134.0,1.0,442.0,458.0,61.2,23.89,23.5,True,True,True,False
6962181067,2016-04-19,10742,7.1,7.1,0.0,2.1,2.13,2.87,0.0,35,41,195,659,2046,1.59,77.4,58.0,135.0,1.0,476.0,535.0,61.4,23.96,23.5,True,True,True,False
6962181067,2016-04-20,13928,9.55,9.55,0.0,4.28,0.19,5.09,0.0,48,4,297,639,2174,1.68,74.9,50.0,137.0,1.0,418.0,424.0,61.7,24.1,23.5,True,True,True,False
6962181067,2016-04-21,11835,9.71,7.88,4.08,3.99,2.1,3.51,0.11,53,27,214,708,2179,1.69,83.5,49.0,173.0,1.0,451.0,457.0,61.4,23.96,23.5,True,True,True,False
6962181067,2016-04-22,10725,7.09,7.09,0.0,1.77,1.55,3.77,0.0,30,33,240,659,2086,1.62,79.1,55.0,169.0,1.0,425.0,435.0,61.4,23.96,23.5,True,True,True,False
6962181067,2016-04-23,20031,13.24,13.24,0.0,4.2,2.0,7.04,0.0,58,41,347,484,2571,1.99,84.6,52.0,152.0,1.0,528.0,546.0,61.5,24.0,23.5,True,True,True,False
6962181067,2016-04-24,5029,3.32,3.32,0.0,0.0,0.0,3.32,0.0,0,0,199,720,1705,1.32,68.8,49.0,114.0,1.0,511.0,514.0,61.5,24.0,23.5,True,True,True,False
6962181067,2016-04-25,13239,9.27,9.08,2.79,3.02,1.68,4.46,0.1,35,31,282,637,2194,1.7,74.0,51.0,142.0,1.0,400.0,415.0,61.7,24.1,23.5,True,True,True,False
6962181067,2016-04-26,10433,6.9,6.9,0.0,2.58,0.42,3.9,0.0,36,7,254,680,2012,1.56,77.1,51.0,140.0,1.0,441.0,446.0,62.5,24.39,23.5,True,False,True,False
6962181067,2016-04-27,10320,6.82,6.82,0.0,0.55,2.02,4.25,0.0,7,38,279,697,2034,1.58,73.0,53.0,142.0,1.0,455.0,467.0,61.2,23.89,23.5,True,True,True,False
6962181067,2016-04-28,12627,8.35,8.35,0.0,2.51,0.24,5.59,0.0,38,8,288,621,2182,1.69,82.1,54.0,174.0,1.0,440.0,453.0,61.2,23.89,23.5,True,True,True,False
6962181067,2016-04-29,10762,7.11,7.11,0.0,0.82,0.48,5.81,0.0,12,15,369,645,2254,1.75,81.0,56.0,141.0,1.0,433.0,447.0,61.4,23.96,23.5,True,True,True,False
6962181067,2016-04-30,10081,6.66,6.66,0.0,2.24,0.76,3.67,0.0,32,16,237,731,2002,1.56,80.2,53.0,141.0,1.0,422.0,424.0,61.0,23.82,23.5,True,True,True,False
6962181067,2016-05-01,5454,3.61,3.61,0.0,0.0,0.0,3.61,0.0,0,0,215,722,1740,1.34,73.3,56.0,127.0,1.0,411.0,426.0,61.7,24.1,23.5,True,True,True,False
6962181067,2016-05-02,12912,8.54,8.54,0.0,1.2,2.0,5.34,0.0,18,39,313,655,2162,1.67,79.7,56.0,140.0,1.0,466.0,482.0,61.5,24.0,23.5,True,True,True,False
6962181067,2016-05-03,12109,8.12,8.12,0.0,1.74,2.04,4.33,0.0,21,36,267,654,2072,1.61,75.4,53.0,157.0,1.0,394.0,418.0,61.0,23.82,23.5,True,True,True,False
6962181067,2016-05-04,10147,6.71,6.71,0.0,0.47,1.68,4.55,0.0,15,36,284,683,2086,1.62,79.5,55.0,174.0,1.0,442.0,455.0,61.1,23.85,23.5,True,True,True,False
6962181067,2016-05-05,10524,6.96,6.96,0.0,0.99,1.16,4.81,0.0,14,22,305,591,2066,1.6,76.6,54.0,128.0,1.0,467.0,491.0,61.3,23.93,23.5,True,True,True,False
6962181067,2016-05-06,5908,3.91,3.91,0.0,0.0,0.0,3.91,0.0,0,0,299,717,1850,1.43,72.3,52.0,114.0,1.0,443.0,462.0,61.5,24.0,23.5,True,True,True,False
6962181067,2016-05-07,6815,4.5,4.5,0.0,0.0,0.0,4.5,0.0,0,0,328,745,1947,1.51,77.0,57.0,125.0,1.0,298.0,334.0,61.2,23.89,23.5,True,True,True,False
6962181067,2016-05-08,4188,2.77,2.77,0.0,0.0,0.52,2.25,0.0,0,14,151,709,1659,1.29,75.0,54.0,116.0,1.0,541.0,569.0,61.2,23.89,23.5,True,True,True,False
6962181067,2016-05-09,12342,8.72,8.68,3.17,3.9,1.18,3.65,0.0,43,21,231,607,2105,1.62,77.0,56.0,181.0,1.0,489.0,497.0,62.4,24.35,23.5,True,True,True,False
6962181067,2016-05-10,15448,10.21,10.21,0.0,3.47,1.75,4.99,0.0,62,34,275,626,2361,1.82,83.3,57.0,184.0,1.0,469.0,481.0,62.1,24.24,23.5,True,True,True,False
6962181067,2016-05-11,6722,4.44,4.44,0.0,1.49,0.31,2.65,0.0,24,7,199,709,1855,1.43,79.3,53.0,145.0,1.0,452.0,480.0,61.9,24.17,23.5,True,True,True,False
6962181067,2016-05-12,3587,2.37,2.37,0.0,0.0,0.25,2.11,0.0,0,8,105,127,928,1.43,75.7,60.0,117.0,1.0,516.0,535.0,61.9,24.17,23.5,True,True,True,False
7007744171,2016-04-12,14172,10.29,9.48,4.87,4.5,0.38,5.41,0.0,53,8,355,1024,2937,1.89,96.4,70.0,151.0,1.0,432.5,463.0,62.5,24.39,23.5,False,False,True,False
7007744171,2016-04-13,12862,9.65,8.6,4.85,4.61,0.56,4.48,0.0,56,22,261,1101,2742,1.76,93.0,70.0,144.0,1.0,432.5,463.0,62.5,24.39,23.5,False,False,True,False
7007744171,2016-04-14,11179,8.24,7.48,3.29,2.95,0.34,4.96,0.0,34,6,304,1096,2668,1.71,92.3,54.0,132.0,1.0,432.5,463.0,62.5,24.39,23.5,False,False,True,False
7007744171,2016-04-15,5273,3.53,3.53,0.0,0.0,0.0,3.53,0.0,0,0,202,1238,2098,1.35,84.8,60.0,128.0,1.0,432.5,463.0,62.5,24.39,23.5,False,False,True,False
7007744171,2016-04-16,4631,3.1,3.1,0.0,0.0,0.0,3.1,0.0,0,0,203,1155,2076,1.33,80.0,61.0,129.0,1.0,79.0,82.0,62.5,24.39,23.5,True,False,True,False
7007744171,2016-04-17,8059,5.39,5.39,0.0,0.0,0.0,5.39,0.0,0,0,305,1135,2383,1.53,86.0,63.0,127.0,1.0,432.5,463.0,62.5,24.39,23.5,False,False,True,False
7007744171,2016-04-18,14816,10.98,9.91,4.93,3.79,2.12,5.05,0.02,48,31,284,1077,2832,1.82,93.2,65.0,139.0,1.0,432.5,463.0,62.5,24.39,23.5,False,False,True,False
7007744171,2016-04-19,14194,10.48,9.5,4.94,4.41,0.76,5.31,0.0,53,17,304,1066,2812,1.81,94.4,67.0,138.0,1.0,432.5,463.0,62.5,24.39,23.5,False,False,True,False
7007744171,2016-04-20,15566,11.31,10.41,4.92,4.79,0.67,5.86,0.0,60,33,347,1000,3096,1.99,96.8,70.0,151.0,1.0,432.5,463.0,62.5,24.39,23.5,False,False,True,False
7007744171,2016-04-21,13744,9.19,9.19,0.0,2.15,1.87,5.17,0.0,30,34,327,1049,2763,1.78,92.2,64.0,136.0,1.0,432.5,463.0,62.5,24.39,23.5,False,False,True,False
7007744171,2016-04-22,15299,10.24,10.24,0.0,4.1,1.76,4.37,0.0,64,50,261,1065,2889,1.86,93.9,57.0,156.0,1.0,432.5,463.0,62.5,24.39,23.5,False,False,True,False
7007744171,2016-04-23,8093,5.41,5.41,0.0,0.13,1.13,4.15,0.0,2,25,223,1190,2284,1.47,93.3,66.0,135.0,1.0,432.5,463.0,62.5,24.39,23.5,False,False,True,False
7007744171,2016-04-24,11085,7.42,7.42,0.0,0.0,0.0,7.42,0.0,0,0,419,1021,2667,1.71,95.2,66.0,122.0,1.0,432.5,463.0,62.5,24.39,23.5,False,False,True,False
7007744171,2016-04-25,18229,13.34,12.2,4.86,4.31,1.37,7.67,0.0,51,24,379,986,3055,1.96,94.6,60.0,137.0,1.0,432.5,463.0,62.5,24.39,23.5,False,False,True,False
7007744171,2016-04-26,15090,10.1,10.1,0.0,0.93,0.94,8.23,0.0,16,22,424,978,2939,1.89,90.7,63.0,143.0,1.0,432.5,463.0,62.5,24.39,23.5,False,False,True,False
7007744171,2016-04-27,13541,10.22,9.06,4.89,4.27,0.66,5.29,0.0,50,12,337,1041,2830,1.82,95.2,71.0,137.0,1.0,432.5,463.0,62.5,24.39,23.5,False,False,True,False
7007744171,2016-04-28,15128,10.12,10.12,0.0,1.09,0.77,8.26,0.0,16,16,401,1007,2836,1.82,89.5,58.0,152.0,1.0,432.5,463.0,62.5,24.39,23.5,False,False,True,False
7007744171,2016-04-29,20067,14.3,13.42,4.91,4.31,2.05,7.95,0.0,55,42,382,961,3180,2.04,93.9,63.0,145.0,1.0,432.5,463.0,62.5,24.39,23.5,False,False,True,False
7007744171,2016-04-30,3761,2.52,2.52,0.0,0.0,0.0,2.52,0.0,0,0,200,1240,2051,1.32,80.3,61.0,124.0,1.0,432.5,463.0,62.5,24.39,23.5,False,False,True,False
7007744171,2016-05-01,5600,3.75,3.75,0.0,0.0,0.0,3.75,0.0,0,0,237,1142,2225,1.43,85.0,57.0,128.0,1.0,58.0,61.0,62.5,24.39,23.5,True,False,True,False
7007744171,2016-05-02,13041,9.18,8.72,2.83,4.64,0.7,3.83,0.0,64,14,250,1112,2642,1.7,86.1,58.0,147.0,1.0,432.5,463.0,62.5,24.39,23.5,False,False,True,False
7007744171,2016-05-03,14510,10.87,9.71,4.91,4.48,1.02,5.36,0.0,58,31,330,1021,2976,1.91,93.4,65.0,138.0,1.0,432.5,463.0,62.5,24.39,23.5,False,False,True,False
7007744171,2016-05-04,0,0.0,0.0,0.0,0.0,0.0,0.0,0.0,0,0,0,1440,1557,1.0,77.45,52.0,135.5,1.0,432.5,463.0,62.5,24.39,23.5,False,False,False,True
7007744171,2016-05-05,15010,11.1,10.04,4.88,4.33,1.29,5.48,0.0,53,23,317,1047,2933,1.88,97.9,70.0,133.0,1.0,432.5,463.0,62.5,24.39,23.5,False,False,True,False
7007744171,2016-05-06,11459,7.67,7.67,0.0,3.0,0.81,3.86,0.0,44,13,247,1136,2553,1.64,87.2,62.0,166.0,1.0,432.5,463.0,62.5,24.39,23.5,False,False,True,False
7007744171,2016-05-07,0,0.0,0.0,0.0,0.0,0.0,0.0,0.0,0,0,0,111,120,1.0,77.45,52.0,135.5,1.0,432.5,463.0,62.5,24.39,23.5,False,False,False,False
7086361926,2016-04-12,11317,8.41,8.41,0.0,5.27,0.15,2.97,0.0,59,6,153,745,2772,1.7,77.45,52.0,135.5,1.0,514.0,525.0,62.5,24.39,23.5,True,False,False,False
7086361926,2016-04-13,5813,3.62,3.62,0.0,0.56,0.21,2.84,0.0,31,26,155,744,2516,1.54,77.45,52.0,135.5,1.0,451.0,465.0,62.5,24.39,23.5,True,False,False,False
7086361926,2016-04-14,9123,6.12,6.12,0.0,2.03,0.33,3.66,0.0,35,32,189,787,2734,1.67,77.45,52.0,135.5,1.0,472.0,476.0,62.5,24.39,23.5,True,False,False,False
7086361926,2016-04-15,8585,5.67,5.67,0.0,2.04,1.11,2.53,0.0,30,21,139,864,2395,1.47,77.45,52.0,135.5,1.0,377.0,386.0,62.5,24.39,23.5,True,False,False,False
7086361926,2016-04-16,31,0.01,0.01,0.0,0.0,0.0,0.01,0.0,0,0,3,1437,1635,1.0,77.45,52.0,135.5,1.0,432.5,463.0,62.5,24.39,23.5,False,False,False,False
7086361926,2016-04-17,0,0.0,0.0,0.0,0.0,0.0,0.0,0.0,0,0,0,1440,1629,1.0,77.45,52.0,135.5,1.0,432.5,463.0,62.5,24.39,23.5,False,False,False,True
7086361926,2016-04-18,9827,6.71,6.71,0.0,3.17,1.22,2.31,0.0,61,51,114,1136,2743,1.68,77.45,52.0,135.5,1.0,432.5,463.0,62.5,24.39,23.5,False,False,False,False
7086361926,2016-04-19,10688,7.29,7.29,0.0,3.53,1.23,2.51,0.0,67,69,124,671,2944,1.81,77.45,52.0,135.5,1.0,472.0,483.0,62.5,24.39,23.5,True,False,False,False
7086361926,2016-04-20,14365,10.64,10.64,0.0,7.64,0.45,2.54,0.0,87,13,145,797,2997,1.84,77.45,52.0,135.5,1.0,492.0,502.0,62.5,24.39,23.5,True,False,False,False
7086361926,2016-04-21,9469,6.18,6.18,0.0,1.36,0.3,4.51,0.0,19,6,206,758,2463,1.51,77.45,52.0,135.5,1.0,390.0,411.0,62.5,24.39,23.5,True,False,False,False
7086361926,2016-04-22,9753,6.53,6.53,0.0,2.87,0.97,2.67,0.0,58,59,153,762,2846,1.75,77.45,52.0,135.5,1.0,428.0,448.0,62.5,24.39,23.5,True,False,False,False
7086361926,2016-04-23,2817,1.81,1.81,0.0,0.0,0.0,1.8,0.0,0,0,90,1350,1965,1.2,77.45,52.0,135.5,1.0,432.5,463.0,62.5,24.39,23.5,False,False,False,False
7086361926,2016-04-24,3520,2.16,2.16,0.0,0.0,0.0,2.15,0.0,0,0,125,566,2049,1.26,77.45,52.0,135.5,1.0,681.0,704.0,62.5,24.39,23.5,True,False,False,False
7086361926,2016-04-25,10091,6.82,6.82,0.0,3.75,0.7,2.37,0.0,69,39,129,706,2752,1.69,77.45,52.0,135.5,1.0,446.0,447.0,62.5,24.39,23.5,True,False,False,False
7086361926,2016-04-26,10387,7.07,7.07,0.0,4.16,0.77,2.12,0.0,70,33,132,726,2781,1.71,77.45,52.0,135.5,1.0,485.0,500.0,62.5,24.39,23.5,True,False,False,False
7086361926,2016-04-27,11107,8.34,8.34,0.0,5.63,0.18,2.53,0.0,55,6,145,829,2693,1.65,77.45,52.0,135.5,1.0,469.0,479.0,62.5,24.39,23.5,True,False,False,False
7086361926,2016-04-28,11584,7.8,7.8,0.0,2.79,1.64,3.36,0.0,54,48,161,810,2862,1.76,77.45,52.0,135.5,1.0,354.0,367.0,62.5,24.39,23.5,True,False,False,False
7086361926,2016-04-29,7881,4.95,4.95,0.0,0.49,0.45,4.0,0.0,24,36,182,1198,2616,1.6,77.45,52.0,135.5,1.0,432.5,463.0,62.5,24.39,23.5,False,False,False,False
7086361926,2016-04-30,14560,9.41,9.41,0.0,3.12,1.04,5.24,0.0,42,17,308,584,2995,1.84,77.45,52.0,135.5,1.0,485.0,489.0,62.5,24.39,23.5,True,False,False,False
7086361926,2016-05-01,12390,8.07,8.07,0.0,2.3,0.9,4.85,0.0,30,15,258,685,2730,1.67,77.45,52.0,135.5,1.0,388.0,407.0,62.5,24.39,23.5,True,False,False,False
7086361926,2016-05-02,10052,6.81,6.81,0.0,3.48,0.66,2.66,0.0,66,26,139,737,2754,1.69,77.45,52.0,135.5,1.0,440.0,459.0,62.5,24.39,23.5,True,False,False,False
7086361926,2016-05-03,10288,6.76,6.76,0.0,2.74,0.85,3.16,0.0,57,36,152,761,2754,1.69,77.45,52.0,135.5,1.0,456.0,461.0,62.5,24.39,23.5,True,False,False,False
7086361926,2016-05-04,10988,8.31,8.31,0.0,5.28,0.12,2.9,0.0,45,12,135,843,2655,1.63,77.45,52.0,135.5,1.0,420.0,436.0,62.5,24.39,23.5,True,False,False,False
7086361926,2016-05-05,8564,5.6,5.6,0.0,1.78,0.83,2.95,0.0,24,14,149,1253,2386,1.46,77.45,52.0,135.5,1.0,432.5,463.0,62.5,24.39,23.5,False,False,False,False
7086361926,2016-05-06,12461,8.38,8.38,0.0,3.82,1.43,3.12,0.0,84,35,154,834,2924,1.79,77.45,52.0,135.5,1.0,322.0,333.0,62.5,24.39,23.5,True,False,False,False
7086361926,2016-05-07,12827,8.48,8.48,0.0,1.46,2.33,4.68,0.0,20,42,209,621,2739,1.68,77.45,52.0,135.5,1.0,530.0,548.0,62.5,24.39,23.5,True,False,False,False
7086361926,2016-05-08,10677,7.1,7.1,0.0,2.31,1.53,3.25,0.0,32,27,147,695,2534,1.56,77.45,52.0,135.5,1.0,481.0,510.0,62.5,24.39,23.5,True,False,False,False
7086361926,2016-05-09,13566,9.11,9.11,0.0,4.26,1.71,3.12,0.0,67,50,171,743,2960,1.82,77.45,52.0,135.5,1.0,427.0,438.0,62.5,24.39,23.5,True,False,False,False
7086361926,2016-05-10,14433,10.79,10.79,0.0,7.11,1.2,2.45,0.0,72,23,106,1182,2800,1.72,77.45,52.0,135.5,1.0,432.5,463.0,62.5,24.39,23.5,False,False,False,False
7086361926,2016-05-11,9572,6.52,6.52,0.0,2.89,1.39,2.23,0.0,57,40,128,757,2735,1.68,77.45,52.0,135.5,1.0,451.0,463.0,62.5,24.39,23.5,True,False,False,False
7086361926,2016-05-12,3789,2.56,2.56,0.0,0.38,0.27,1.89,0.0,5,4,58,343,1199,1.13,77.45,52.0,135.5,1.0,444.0,457.0,62.5,24.39,23.5,True,False,False,False
8053475328,2016-04-12,18060,14.12,14.12,0.0,11.64,0.39,2.1,0.0,116,8,123,1193,3186,1.82,77.45,52.0,135.5,1.0,432.5,463.0,62.5,24.39,23.5,False,False,False,False
8053475328,2016-04-13,16433,13.35,13.35,0.0,10.43,0.47,2.45,0.0,95,12,156,1177,3140,1.79,77.45,52.0,135.5,1.0,432.5,463.0,62.5,24.39,23.5,False,False,False,False
8053475328,2016-04-14,20159,15.97,15.97,0.0,12.34,0.21,3.36,0.0,119,5,193,1123,3411,1.94,77.45,52.0,135.5,1.0,432.5,463.0,62.5,24.39,23.5,False,False,False,False
8053475328,2016-04-15,20669,16.24,16.24,0.0,13.26,0.39,2.59,0.0,132,8,158,1142,3410,1.95,77.45,52.0,135.5,1.0,432.5,463.0,62.5,24.39,23.5,False,False,False,False
8053475328,2016-04-16,14549,11.11,11.11,0.0,9.36,0.27,1.49,0.0,96,6,83,1255,2867,1.64,77.45,52.0,135.5,1.0,432.5,463.0,62.5,24.39,23.5,False,False,False,False
8053475328,2016-04-17,18827,13.69,13.69,0.0,9.24,0.8,3.64,0.0,111,21,195,1113,3213,1.83,77.45,52.0,135.5,1.0,432.5,463.0,62.5,24.39,23.5,False,False,False,False
8053475328,2016-04-18,17076,12.66,12.66,0.0,9.08,0.23,3.35,0.0,102,6,195,1137,3133,1.79,77.45,52.0,135.5,1.0,432.5,463.0,62.5,24.39,23.5,False,False,False,False
8053475328,2016-04-19,15929,12.48,12.48,0.0,9.22,0.31,2.95,0.0,90,7,191,1152,3114,1.78,77.45,52.0,135.5,1.0,432.5,463.0,62.5,24.39,23.5,False,False,False,False
8053475328,2016-04-20,15108,12.19,12.19,0.0,9.58,0.23,2.38,0.0,89,5,158,695,3043,1.74,77.45,52.0,135.5,1.0,486.0,493.0,62.5,24.39,23.5,True,False,False,False
8053475328,2016-04-21,16057,12.51,12.51,0.0,9.67,0.25,2.58,0.0,100,6,170,1164,3103,1.77,77.45,52.0,135.5,1.0,432.5,463.0,62.5,24.39,23.5,False,False,False,False
8053475328,2016-04-22,10520,8.29,8.29,0.0,6.26,0.15,1.88,0.0,60,3,117,1260,2655,1.51,77.45,52.0,135.5,1.0,432.5,463.0,62.5,24.39,23.5,False,False,False,False
8053475328,2016-04-23,22359,17.19,17.19,0.0,12.54,0.63,4.02,0.0,125,14,223,741,3554,2.03,77.45,52.0,135.5,1.0,331.0,337.0,62.5,24.39,23.5,True,False,False,False
8053475328,2016-04-24,22988,17.95,17.95,0.0,13.13,1.55,3.26,0.0,129,33,182,1096,3577,2.04,77.45,52.0,135.5,1.0,432.5,463.0,62.5,24.39,23.5,False,False,False,False
8053475328,2016-04-25,20500,15.69,15.69,0.0,11.37,0.46,3.86,0.0,118,9,209,1104,3403,1.94,77.45,52.0,135.5,1.0,432.5,463.0,62.5,24.39,23.5,False,False,False,False
8053475328,2016-04-26,12685,9.62,9.62,0.0,6.31,0.2,3.1,0.0,68,5,185,1182,2846,1.62,77.45,52.0,135.5,1.0,432.5,463.0,62.5,24.39,23.5,False,False,False,False
8053475328,2016-04-27,12422,9.82,9.82,0.0,6.46,0.43,2.93,0.0,60,10,183,1187,2852,1.63,77.45,52.0,135.5,1.0,432.5,463.0,62.5,24.39,23.5,False,False,False,False
8053475328,2016-04-28,15447,12.4,12.4,0.0,9.67,0.39,2.35,0.0,90,9,153,1188,3062,1.75,77.45,52.0,135.5,1.0,432.5,463.0,62.5,24.39,23.5,False,False,False,False
8053475328,2016-04-29,12315,9.65,9.65,0.0,6.17,0.31,3.17,0.0,58,8,159,1215,2794,1.59,77.45,52.0,135.5,1.0,432.5,463.0,62.5,24.39,23.5,False,False,False,False
8053475328,2016-04-30,7135,5.59,5.59,0.0,2.99,0.06,2.54,0.0,27,1,131,1281,2408,1.37,77.45,52.0,135.5,1.0,432.5,463.0,62.5,24.39,23.5,False,False,False,False
8053475328,2016-05-01,1170,0.85,0.85,0.0,0.0,0.0,0.85,0.0,0,0,51,1389,1886,1.08,77.45,52.0,135.5,1.0,432.5,463.0,62.5,24.39,23.5,False,False,False,False
8053475328,2016-05-02,1969,1.43,1.43,0.0,0.0,0.0,1.43,0.0,0,0,95,1345,1988,1.14,77.45,52.0,135.5,1.0,432.5,463.0,62.5,24.39,23.5,False,False,False,False
8053475328,2016-05-03,15484,11.9,11.9,0.0,8.39,0.93,2.59,0.0,87,22,165,1166,3023,1.73,77.45,52.0,135.5,1.0,432.5,463.0,62.5,24.39,23.5,False,False,False,False
8053475328,2016-05-04,14581,11.15,11.15,0.0,8.82,0.4,1.91,0.0,89,8,123,1220,2918,1.67,77.45,52.0,135.5,1.0,432.5,463.0,62.5,24.39,23.5,False,False,False,False
8053475328,2016-05-05,14990,11.51,11.51,0.0,8.85,0.45,2.21,0.0,93,9,130,1208,2950,1.69,77.45,52.0,135.5,1.0,432.5,463.0,62.5,24.39,23.5,False,False,False,False
8053475328,2016-05-06,13953,11.0,11.0,0.0,9.1,0.69,1.21,0.0,90,15,90,1245,2859,1.64,77.45,52.0,135.5,1.0,432.5,463.0,62.5,24.39,23.5,False,False,False,False
8053475328,2016-05-07,19769,15.67,15.67,0.0,12.44,0.88,2.35,0.0,121,20,148,1076,3331,1.91,77.45,52.0,135.5,1.0,74.0,75.0,62.5,24.39,23.5,True,False,False,False
8053475328,2016-05-08,22026,17.65,17.65,0.0,13.4,0.59,3.66,0.0,125,14,228,1073,3589,2.05,77.45,52.0,135.5,1.0,432.5,463.0,62.5,24.39,23.5,False,False,False,False
8053475328,2016-05-09,12465,9.38,9.38,0.0,6.12,0.57,2.69,0.0,66,12,148,1214,2765,1.58,77.45,52.0,135.5,1.0,432.5,463.0,62.5,24.39,23.5,False,False,False,False
8053475328,2016-05-10,14810,11.36,11.36,0.0,9.09,0.42,1.85,0.0,96,10,115,1219,2926,1.67,77.45,52.0,135.5,1.0,432.5,463.0,62.5,24.39,23.5,False,False,False,False
8053475328,2016-05-11,12209,9.4,9.4,0.0,6.08,0.28,3.04,0.0,60,7,184,1189,2809,1.61,77.45,52.0,135.5,1.0,432.5,463.0,62.5,24.39,23.5,False,False,False,False
8053475328,2016-05-12,4998,3.91,3.91,0.0,2.95,0.2,0.76,0.0,28,4,39,839,1505,1.36,77.45,52.0,135.5,1.0,432.5,463.0,62.5,24.39,23.5,False,False,False,False
8253242879,2016-04-12,9033,7.16,7.16,0.0,5.43,0.14,1.59,0.0,40,2,154,1244,2044,1.43,77.45,52.0,135.5,1.0,432.5,463.0,62.5,24.39,23.5,False,False,False,False
8253242879,2016-04-13,8053,6.1,6.1,0.0,4.17,0.63,1.31,0.0,35,11,96,1298,1935,1.36,77.45,52.0,135.5,1.0,432.5,463.0,62.5,24.39,23.5,False,False,False,False
8253242879,2016-04-14,5234,3.46,3.46,0.0,1.93,0.99,0.54,0.0,29,16,33,1362,1705,1.19,77.45,52.0,135.5,1.0,432.5,463.0,62.5,24.39,23.5,False,False,False,False
8253242879,2016-04-15,2672,1.77,1.77,0.0,0.0,0.0,1.76,0.0,0,0,105,1335,1632,1.14,77.45,52.0,135.5,1.0,432.5,463.0,62.5,24.39,23.5,False,False,False,False
8253242879,2016-04-16,9256,6.14,6.14,0.0,0.43,3.27,2.45,0.0,6,51,115,1268,1880,1.32,77.45,52.0,135.5,1.0,432.5,463.0,62.5,24.39,23.5,False,False,False,False
8253242879,2016-04-17,10204,7.91,7.91,0.0,5.43,0.15,2.33,0.0,41,5,157,1237,2112,1.48,77.45,52.0,135.5,1.0,432.5,463.0,62.5,24.39,23.5,False,False,False,False
8253242879,2016-04-18,5151,3.48,3.48,0.0,1.04,0.63,1.8,0.0,16,16,130,1278,1829,1.28,77.45,52.0,135.5,1.0,432.5,463.0,62.5,24.39,23.5,False,False,False,False
8253242879,2016-04-19,4212,2.78,2.78,0.0,0.0,0.0,2.78,0.0,0,0,164,1276,1763,1.24,77.45,52.0,135.5,1.0,432.5,463.0,62.5,24.39,23.5,False,False,False,False
8253242879,2016-04-20,6466,4.27,4.27,0.0,0.33,0.82,3.11,0.01,5,18,216,1201,1931,1.35,77.45,52.0,135.5,1.0,432.5,463.0,62.5,24.39,23.5,False,False,False,False
8253242879,2016-04-21,11268,8.56,8.56,0.0,5.88,0.93,1.75,0.0,49,20,172,1199,2218,1.55,77.45,52.0,135.5,1.0,432.5,463.0,62.5,24.39,23.5,False,False,False,False
8253242879,2016-04-22,2824,1.87,1.87,0.0,0.0,0.0,1.87,0.0,0,0,120,1320,1651,1.16,77.45,52.0,135.5,1.0,432.5,463.0,62.5,24.39,23.5,False,False,False,False
8253242879,2016-04-23,9282,6.26,6.26,0.0,2.09,1.04,3.13,0.0,30,26,191,1193,2132,1.49,77.45,52.0,135.5,1.0,432.5,463.0,62.5,24.39,23.5,False,False,False,False
8253242879,2016-04-24,8905,7.13,7.13,0.0,5.6,0.19,1.34,0.0,41,4,82,1313,1976,1.38,77.45,52.0,135.5,1.0,432.5,463.0,62.5,24.39,23.5,False,False,False,False
8253242879,2016-04-25,6829,4.51,4.51,0.0,0.36,2.39,1.77,0.0,7,54,118,1261,1909,1.34,77.45,52.0,135.5,1.0,432.5,463.0,62.5,24.39,23.5,False,False,False,False
8253242879,2016-04-26,4562,3.04,3.04,0.0,1.18,0.49,1.37,0.0,19,14,108,1299,1813,1.27,77.45,52.0,135.5,1.0,432.5,463.0,62.5,24.39,23.5,False,False,False,False
8253242879,2016-04-27,10232,8.18,8.18,0.0,6.24,0.23,1.7,0.0,45,5,104,1286,2008,1.41,77.45,52.0,135.5,1.0,432.5,463.0,62.5,24.39,23.5,False,False,False,False
8253242879,2016-04-28,2718,1.8,1.8,0.0,0.67,0.78,0.34,0.0,11,16,20,1393,1580,1.11,77.45,52.0,135.5,1.0,432.5,463.0,62.5,24.39,23.5,False,False,False,False
8253242879,2016-04-29,6260,4.26,4.26,0.0,1.29,0.54,2.4,0.0,16,14,136,1257,1854,1.31,77.45,52.0,135.5,1.0,432.5,463.0,62.5,24.39,23.5,False,False,False,False
8253242879,2016-04-30,0,0.0,0.0,0.0,0.0,0.0,0.0,0.0,0,0,0,1440,0,1.47,77.45,52.0,135.5,1.0,432.5,463.0,62.5,24.39,23.5,False,False,False,True
8378563200,2016-04-12,7626,6.05,6.05,2.25,0.83,0.71,4.5,0.0,65,15,156,723,3635,1.68,77.45,52.0,135.5,1.0,338.0,356.0,62.5,24.39,23.5,True,False,False,False
8378563200,2016-04-13,12386,9.82,9.82,2.09,4.96,0.65,4.21,0.0,116,14,169,680,4079,1.89,77.45,52.0,135.5,2.0,447.0,487.0,62.5,24.39,23.5,True,False,False,False
8378563200,2016-04-14,13318,10.56,10.56,2.25,5.62,1.03,3.91,0.0,123,21,174,699,4163,1.93,77.45,52.0,135.5,1.0,424.0,455.0,62.5,24.39,23.5,True,False,False,False
8378563200,2016-04-15,14461,11.47,11.47,0.0,4.91,1.15,5.41,0.0,60,23,190,729,3666,1.69,77.45,52.0,135.5,1.0,513.0,533.0,62.5,24.39,23.5,True,False,False,False
8378563200,2016-04-16,11207,8.89,8.89,0.0,5.37,1.07,2.44,0.0,64,21,142,563,3363,1.56,77.45,52.0,135.5,2.0,611.0,689.0,62.5,24.39,23.5,True,False,False,False
8378563200,2016-04-17,2132,1.69,1.69,0.0,0.0,0.0,1.69,0.0,0,0,93,599,2572,1.19,77.45,52.0,135.5,2.0,525.0,591.0,62.5,24.39,23.5,True,False,False,False
8378563200,2016-04-18,13630,10.81,10.81,2.09,5.05,0.56,5.2,0.0,117,10,174,720,4157,1.92,77.45,52.0,135.5,1.0,398.0,451.0,62.5,24.39,23.5,True,False,False,False
8378563200,2016-04-19,13070,10.36,10.36,2.25,5.3,0.88,4.18,0.0,120,19,154,737,4092,1.89,77.45,52.0,135.5,1.0,387.0,421.0,62.5,24.39,23.5,True,False,False,False
8378563200,2016-04-20,9388,7.44,7.44,2.09,2.23,0.44,4.78,0.0,82,8,169,763,3787,1.75,77.45,52.0,135.5,1.0,381.0,409.0,62.5,24.39,23.5,True,False,False,False
8378563200,2016-04-21,15148,12.01,12.01,2.25,6.9,0.82,4.29,0.0,137,16,145,677,4236,1.96,77.45,52.0,135.5,1.0,396.0,417.0,62.5,24.39,23.5,True,False,False,False
8378563200,2016-04-22,12200,9.67,9.67,2.09,4.91,0.59,4.18,0.0,113,12,159,769,4044,1.87,77.45,52.0,135.5,1.0,441.0,469.0,62.5,24.39,23.5,True,False,False,False
8378563200,2016-04-23,5709,4.53,4.53,0.0,1.52,0.52,2.48,0.0,19,10,136,740,2908,1.35,77.45,52.0,135.5,1.0,565.0,591.0,62.5,24.39,23.5,True,False,False,False
8378563200,2016-04-24,3703,2.94,2.94,0.0,0.0,0.0,2.94,0.0,0,0,135,734,2741,1.27,77.45,52.0,135.5,1.0,458.0,492.0,62.5,24.39,23.5,True,False,False,False
8378563200,2016-04-25,12405,9.84,9.84,2.09,5.05,0.87,3.92,0.0,117,16,141,692,4005,1.85,77.45,52.0,135.5,1.0,388.0,402.0,62.5,24.39,23.5,True,False,False,False
8378563200,2016-04-26,16208,12.85,12.85,0.0,7.51,0.92,4.42,0.0,90,18,161,593,3763,1.74,77.45,52.0,135.5,1.0,550.0,584.0,62.5,24.39,23.5,True,False,False,False
8378563200,2016-04-27,7359,5.84,5.84,0.0,0.33,0.18,5.33,0.0,4,4,192,676,3061,1.42,77.45,52.0,135.5,1.0,531.0,600.0,62.5,24.39,23.5,True,False,False,False
8378563200,2016-04-28,5417,4.3,4.3,0.0,0.9,0.49,2.91,0.0,11,10,139,711,2884,1.33,77.45,52.0,135.5,1.0,506.0,556.0,62.5,24.39,23.5,True,False,False,False
8378563200,2016-04-29,6175,4.9,4.9,0.0,0.25,0.36,4.27,0.0,3,7,172,767,2982,1.38,77.45,52.0,135.5,1.0,527.0,562.0,62.5,24.39,23.5,True,False,False,False
8378563200,2016-04-30,2946,2.34,2.34,0.0,0.0,0.0,2.34,0.0,0,0,121,780,2660,1.23,77.45,52.0,135.5,1.0,468.0,555.0,62.5,24.39,23.5,True,False,False,False
8378563200,2016-05-01,11419,9.06,9.06,0.0,6.03,0.56,2.47,0.0,71,10,127,669,3369,1.56,77.45,52.0,135.5,1.0,475.0,539.0,62.5,24.39,23.5,True,False,False,False
8378563200,2016-05-02,6064,4.81,4.81,2.09,0.63,0.17,4.01,0.0,63,4,142,802,3491,1.61,77.45,52.0,135.5,1.0,351.0,385.0,62.5,24.39,23.5,True,False,False,False
8378563200,2016-05-03,8712,6.91,6.91,2.25,1.34,1.06,4.5,0.0,71,20,195,822,3784,1.75,77.45,52.0,135.5,1.0,405.0,429.0,62.5,24.39,23.5,True,False,False,False
8378563200,2016-05-04,7875,6.24,6.24,0.0,1.56,0.49,4.2,0.0,19,10,167,680,3110,1.44,77.45,52.0,135.5,1.0,441.0,477.0,62.5,24.39,23.5,True,False,False,False
8378563200,2016-05-05,8567,6.79,6.79,2.25,0.89,0.16,5.74,0.0,66,3,214,764,3783,1.75,77.45,52.0,135.5,1.0,381.0,417.0,62.5,24.39,23.5,True,False,False,False
8378563200,2016-05-06,7045,5.59,5.59,2.09,1.55,0.25,3.78,0.0,74,5,166,831,3644,1.69,77.45,52.0,135.5,1.0,323.0,355.0,62.5,24.39,23.5,True,False,False,False
8378563200,2016-05-07,4468,3.54,3.54,0.0,0.0,0.0,3.54,0.0,0,0,158,851,2799,1.29,77.45,52.0,135.5,2.0,459.0,513.0,62.5,24.39,23.5,True,False,False,False
8378563200,2016-05-08,2943,2.33,2.33,0.0,0.0,0.0,2.33,0.0,0,0,139,621,2685,1.24,77.45,52.0,135.5,1.0,545.0,606.0,62.5,24.39,23.5,True,False,False,False
8378563200,2016-05-09,8382,6.65,6.65,2.09,1.27,0.66,4.72,0.0,71,13,171,772,3721,1.72,77.45,52.0,135.5,1.0,359.0,399.0,62.5,24.39,23.5,True,False,False,False
8378563200,2016-05-10,6582,5.22,5.22,2.25,0.66,0.64,3.92,0.0,63,13,152,840,3586,1.66,77.45,52.0,135.5,1.0,342.0,391.0,62.5,24.39,23.5,True,False,False,False
8378563200,2016-05-11,9143,7.25,7.25,2.09,1.39,0.59,5.27,0.0,72,10,184,763,3788,1.75,77.45,52.0,135.5,1.0,368.0,387.0,62.5,24.39,23.5,True,False,False,False
8378563200,2016-05-12,4561,3.62,3.62,0.0,0.65,0.27,2.69,0.0,8,6,102,433,1976,1.37,77.45,52.0,135.5,1.0,496.0,546.0,62.5,24.39,23.5,True,False,False,False
8583815059,2016-04-12,5014,3.91,3.91,0.0,0.0,0.33,3.58,0.0,0,7,196,1237,2650,1.31,77.45,52.0,135.5,1.0,432.5,463.0,62.5,24.39,23.5,False,False,False,False
8583815059,2016-04-13,5571,4.35,4.35,0.0,0.15,0.97,3.23,0.0,2,23,163,1252,2654,1.31,77.45,52.0,135.5,1.0,432.5,463.0,62.5,24.39,23.5,False,False,False,False
8583815059,2016-04-14,3135,2.45,2.45,0.0,0.0,0.0,2.43,0.0,0,0,134,1306,2443,1.21,77.45,52.0,135.5,1.0,432.5,463.0,62.5,24.39,23.5,False,False,False,False
8583815059,2016-04-15,3430,2.68,2.68,0.0,0.0,0.0,0.9,0.0,0,0,65,1375,2505,1.09,77.45,52.0,135.5,1.0,432.5,463.0,62.5,24.39,23.5,False,False,False,False
8583815059,2016-04-16,5319,4.15,4.15,0.0,0.0,0.0,0.0,0.0,0,0,0,1440,2693,1.0,77.45,52.0,135.5,1.0,432.5,463.0,62.5,24.39,23.5,False,False,False,False
8583815059,2016-04-17,3008,2.35,2.35,0.0,0.0,0.0,0.0,0.0,0,0,0,1440,2439,1.0,77.45,52.0,135.5,1.0,432.5,463.0,62.5,24.39,23.5,False,False,False,False
8583815059,2016-04-18,3864,3.01,3.01,0.0,0.31,1.06,1.35,0.0,4,22,105,1309,2536,1.24,77.45,52.0,135.5,1.0,432.5,463.0,62.5,24.39,23.5,False,False,False,False
8583815059,2016-04-19,5697,4.44,4.44,0.0,0.53,0.48,3.44,0.0,7,10,166,1257,2668,1.32,77.45,52.0,135.5,1.0,432.5,463.0,62.5,24.39,23.5,False,False,False,False
8583815059,2016-04-20,5273,4.11,4.11,0.0,0.0,1.04,3.07,0.0,0,27,167,1246,2647,1.31,77.45,52.0,135.5,1.0,432.5,463.0,62.5,24.39,23.5,False,False,False,False
8583815059,2016-04-21,8538,6.66,6.66,0.0,2.63,1.02,3.01,0.0,35,18,158,1229,2883,1.43,77.45,52.0,135.5,1.0,432.5,463.0,62.5,24.39,23.5,False,False,False,False
8583815059,2016-04-22,8687,6.78,6.78,0.0,0.29,2.41,4.08,0.0,4,54,212,1170,2944,1.46,77.45,52.0,135.5,1.0,432.5,463.0,62.5,24.39,23.5,False,False,False,False
8583815059,2016-04-23,9423,7.35,7.35,0.0,0.53,2.03,4.75,0.0,7,44,238,1151,3012,1.49,77.45,52.0,135.5,1.0,432.5,463.0,62.5,24.39,23.5,False,False,False,False
8583815059,2016-04-24,8286,6.46,6.46,0.0,0.15,2.05,4.27,0.0,2,44,206,1188,2889,1.43,77.45,52.0,135.5,1.0,432.5,463.0,62.5,24.39,23.5,False,False,False,False
8583815059,2016-04-25,4503,3.51,3.51,0.0,1.47,0.24,1.81,0.0,18,6,122,1294,2547,1.26,77.45,52.0,135.5,1.0,432.5,463.0,62.5,24.39,23.5,False,False,False,False
8583815059,2016-04-26,10499,8.19,8.19,0.0,0.07,4.22,3.89,0.0,1,91,214,1134,3093,1.53,77.45,52.0,135.5,1.0,432.5,463.0,62.5,24.39,23.5,False,False,False,False
8583815059,2016-04-27,12474,9.73,9.73,0.0,6.6,0.27,2.87,0.0,77,5,129,1229,3142,1.56,77.45,52.0,135.5,1.0,432.5,463.0,62.5,24.39,23.5,False,False,False,False
8583815059,2016-04-28,6174,4.82,4.82,0.0,0.0,1.2,3.61,0.0,0,28,203,1209,2757,1.37,77.45,52.0,135.5,1.0,432.5,463.0,62.5,24.39,23.5,False,False,False,False
8583815059,2016-04-29,15168,11.83,11.83,0.0,3.9,3.0,4.92,0.0,46,67,258,1069,3513,1.74,77.45,52.0,135.5,1.0,432.5,463.0,62.5,24.39,23.5,False,False,False,False
8583815059,2016-04-30,10085,7.87,7.87,0.0,0.15,1.28,6.43,0.0,2,28,317,1093,3164,1.57,77.45,52.0,135.5,1.0,432.5,463.0,62.5,24.39,23.5,False,False,False,False
8583815059,2016-05-01,4512,3.52,3.52,0.0,0.78,0.12,2.04,0.0,10,2,117,1311,2596,1.22,77.45,52.0,135.5,1.0,432.5,463.0,62.5,24.39,23.5,False,False,False,False
8583815059,2016-05-02,8469,6.61,6.61,0.0,0.0,0.0,0.0,0.0,0,0,0,1440,2894,1.0,77.45,52.0,135.5,1.0,432.5,463.0,62.5,24.39,23.5,False,False,False,False
8583815059,2016-05-03,12015,9.37,9.37,0.0,0.0,0.0,0.0,0.0,0,0,0,1440,3212,1.0,77.45,52.0,135.5,1.0,432.5,463.0,62.5,24.39,23.5,False,False,False,False
8583815059,2016-05-04,3588,2.8,2.8,0.0,0.0,0.0,0.0,0.0,0,0,0,1440,2516,1.0,77.45,52.0,135.5,1.0,432.5,463.0,62.5,24.39,23.5,False,False,False,False
8583815059,2016-05-05,12427,9.69,9.69,0.0,0.0,0.0,1.18,0.0,0,0,70,1370,3266,1.11,77.45,52.0,135.5,1.0,432.5,463.0,62.5,24.39,23.5,False,False,False,False
8583815059,2016-05-06,5843,4.56,4.56,0.0,0.14,1.19,3.23,0.0,2,22,166,1250,2683,1.33,77.45,52.0,135.5,1.0,432.5,463.0,62.5,24.39,23.5,False,False,False,False
8583815059,2016-05-07,6117,4.77,4.77,0.0,0.0,0.0,4.77,0.0,0,0,250,1190,2810,1.39,77.45,52.0,135.5,1.0,432.5,463.0,62.5,24.39,23.5,False,False,False,False
8583815059,2016-05-08,9217,7.19,7.19,0.0,0.22,3.31,3.66,0.0,3,72,182,1183,2940,1.46,77.45,52.0,135.5,1.0,432.5,463.0,62.5,24.39,23.5,False,False,False,False
8583815059,2016-05-09,9877,7.7,7.7,0.0,5.76,0.17,1.73,0.0,66,4,110,1260,2947,1.46,77.45,52.0,135.5,1.0,432.5,463.0,62.5,24.39,23.5,False,False,False,False
8583815059,2016-05-10,8240,6.43,6.43,0.0,0.69,2.01,3.72,0.0,9,43,162,1226,2846,1.41,77.45,52.0,135.5,1.0,432.5,463.0,62.5,24.39,23.5,False,False,False,False
8583815059,2016-05-11,8701,6.79,6.79,0.0,0.37,3.24,3.17,0.0,5,71,177,1106,2804,1.47,77.45,52.0,135.5,1.0,432.5,463.0,62.5,24.39,23.5,False,False,False,False
8583815059,2016-05-12,0,0.0,0.0,0.0,0.0,0.0,0.0,0.0,0,0,0,1440,0,1.47,77.45,52.0,135.5,1.0,432.5,463.0,62.5,24.39,23.5,False,False,False,True
8792009665,2016-04-12,2564,1.64,1.64,0.0,0.0,0.0,1.64,0.0,0,0,116,831,2044,1.21,68.9,48.0,135.0,1.0,458.0,493.0,62.5,24.39,23.5,True,False,True,False
8792009665,2016-04-13,1320,0.84,0.84,0.0,0.0,0.0,0.84,0.0,0,0,82,806,1934,1.15,68.5,43.0,121.0,1.0,531.0,552.0,62.5,24.39,23.5,True,False,True,False
8792009665,2016-04-14,1219,0.78,0.78,0.0,0.0,0.0,0.78,0.0,0,0,84,853,1963,1.16,69.1,46.0,124.0,1.0,486.0,503.0,62.5,24.39,23.5,True,False,True,False
8792009665,2016-04-15,2483,1.59,1.59,0.0,0.0,0.0,1.59,0.0,0,0,126,937,2009,1.19,66.9,49.0,116.0,1.0,363.0,377.0,62.5,24.39,23.5,True,False,True,False
8792009665,2016-04-16,244,0.16,0.16,0.0,0.0,0.0,0.16,0.0,0,0,12,1428,1721,1.02,77.45,52.0,135.5,1.0,432.5,463.0,62.5,24.39,23.5,False,False,False,False
8792009665,2016-04-17,0,0.0,0.0,0.0,0.0,0.0,0.0,0.0,0,0,0,1440,1688,1.0,77.45,52.0,135.5,1.0,432.5,463.0,62.5,24.39,23.5,False,False,False,True
8792009665,2016-04-18,0,0.0,0.0,0.0,0.0,0.0,0.0,0.0,0,0,0,1440,1688,1.0,77.45,52.0,135.5,1.0,432.5,463.0,62.5,24.39,23.5,False,False,False,True
8792009665,2016-04-19,0,0.0,0.0,0.0,0.0,0.0,0.0,0.0,0,0,0,1440,1688,1.0,77.45,52.0,135.5,1.0,432.5,463.0,62.5,24.39,23.5,False,False,False,True
8792009665,2016-04-20,3147,2.01,2.01,0.0,0.0,0.28,1.74,0.0,0,10,139,744,2188,1.3,69.6,44.0,120.0,1.0,528.0,547.0,62.5,24.39,23.5,True,False,True,False
8792009665,2016-04-21,144,0.09,0.09,0.0,0.0,0.0,0.09,0.0,0,0,9,1431,1720,1.02,80.8,66.0,108.0,1.0,432.5,463.0,62.5,24.39,23.5,False,False,True,False
8792009665,2016-04-22,4068,2.6,2.6,0.0,0.05,0.28,2.27,0.0,1,20,195,817,2419,1.43,70.3,44.0,131.0,1.0,391.0,407.0,62.5,24.39,23.5,True,False,True,False
8792009665,2016-04-23,5245,3.36,3.36,0.0,0.16,0.44,2.75,0.0,8,45,232,795,2748,1.63,77.8,48.0,141.0,1.0,339.0,360.0,62.5,24.39,23.5,True,False,True,False
8792009665,2016-04-24,400,0.26,0.26,0.0,0.04,0.05,0.16,0.0,3,8,19,1410,1799,1.07,76.0,55.0,120.0,1.0,432.5,463.0,62.5,24.39,23.5,False,False,True,False
8792009665,2016-04-25,0,0.0,0.0,0.0,0.0,0.0,0.0,0.0,0,0,0,1440,1688,1.0,77.45,52.0,135.5,1.0,432.5,463.0,62.5,24.39,23.5,False,False,False,True
8792009665,2016-04-26,1321,0.85,0.85,0.0,0.0,0.0,0.85,0.0,0,0,80,1360,1928,1.14,69.8,54.0,114.0,1.0,432.5,463.0,62.5,24.39,23.5,False,False,True,False
8792009665,2016-04-27,1758,1.13,1.13,0.0,0.0,0.0,1.13,0.0,0,0,112,900,2067,1.22,68.8,43.0,132.0,1.0,423.0,428.0,62.5,24.39,23.5,True,False,True,False
8792009665,2016-04-28,6157,3.94,3.94,0.0,0.0,0.0,3.94,0.0,0,0,310,714,2780,1.65,76.7,44.0,134.0,1.0,402.0,416.0,62.5,24.39,23.5,True,False,True,False
8792009665,2016-04-29,8360,5.35,5.35,0.0,0.14,0.28,4.93,0.0,6,14,380,634,3101,1.84,80.9,48.0,158.0,1.0,398.0,406.0,62.5,24.39,23.5,True,False,True,False
8792009665,2016-04-30,7174,4.59,4.59,0.0,0.33,0.36,3.91,0.0,10,20,301,749,2896,1.72,81.5,48.0,132.0,1.0,343.0,360.0,62.5,24.39,23.5,True,False,True,False
8792009665,2016-05-01,1619,1.04,1.04,0.0,0.0,0.0,1.04,0.0,0,0,79,834,1962,1.16,67.8,43.0,123.0,1.0,503.0,527.0,62.5,24.39,23.5,True,False,True,False
8792009665,2016-05-02,1831,1.17,1.17,0.0,0.0,0.0,1.17,0.0,0,0,101,916,2015,1.19,67.4,45.0,129.0,1.0,415.0,423.0,62.5,24.39,23.5,True,False,True,False
8792009665,2016-05-03,2421,1.55,1.55,0.0,0.0,0.0,1.55,0.0,0,0,156,739,2297,1.36,74.4,45.0,119.0,1.0,516.0,545.0,62.5,24.39,23.5,True,False,True,False
8792009665,2016-05-04,2283,1.46,1.46,0.0,0.0,0.0,1.46,0.0,0,0,129,848,2067,1.22,75.0,51.0,114.0,1.0,439.0,463.0,62.5,24.39,23.5,True,False,True,False
8792009665,2016-05-05,0,0.0,0.0,0.0,0.0,0.0,0.0,0.0,0,0,0,1440,1688,1.0,77.45,52.0,135.5,1.0,432.5,463.0,62.5,24.39,23.5,False,False,False,True
8792009665,2016-05-06,0,0.0,0.0,0.0,0.0,0.0,0.0,0.0,0,0,0,1440,1688,1.0,77.45,52.0,135.5,1.0,432.5,463.0,62.5,24.39,23.5,False,False,False,True
8792009665,2016-05-07,0,0.0,0.0,0.0,0.0,0.0,0.0,0.0,0,0,0,1440,1688,1.0,77.45,52.0,135.5,1.0,432.5,463.0,62.5,24.39,23.5,False,False,False,True
8792009665,2016-05-08,0,0.0,0.0,0.0,0.0,0.0,0.0,0.0,0,0,0,1440,1688,1.0,77.45,52.0,135.5,1.0,432.5,463.0,62.5,24.39,23.5,False,False,False,True
8792009665,2016-05-09,0,0.0,0.0,0.0,0.0,0.0,0.0,0.0,0,0,0,1440,1688,1.0,77.45,52.0,135.5,1.0,432.5,463.0,62.5,24.39,23.5,False,False,False,True
8792009665,2016-05-10,0,0.0,0.0,0.0,0.0,0.0,0.0,0.0,0,0,0,48,57,1.47,77.45,52.0,135.5,1.0,432.5,463.0,62.5,24.39,23.5,False,False,False,False
8877689391,2016-04-12,23186,20.4,20.4,0.0,12.22,0.34,7.82,0.0,85,7,312,1036,3921,2.22,86.5,47.0,164.0,1.0,432.5,463.0,85.8,25.68,23.5,False,True,True,False
8877689391,2016-04-13,15337,9.58,9.58,0.0,3.55,0.38,5.64,0.0,108,18,216,1098,3566,2.03,84.7,50.0,160.0,1.0,432.5,463.0,84.9,25.41,23.5,False,True,True,False
8877689391,2016-04-14,21129,18.98,18.98,0.0,10.55,0.59,7.75,0.02,68,13,298,1061,3793,2.16,85.3,50.0,169.0,1.0,432.5,463.0,84.5,25.31,23.5,False,True,True,False
8877689391,2016-04-15,13422,7.17,7.17,0.0,0.05,0.05,7.01,0.01,106,1,281,1052,3934,2.24,91.9,48.0,165.0,1.0,432.5,463.0,62.5,24.39,23.5,False,False,True,False
8877689391,2016-04-16,29326,25.29,25.29,0.0,13.24,1.21,10.71,0.0,94,29,429,888,4547,2.58,92.1,54.0,172.0,1.0,432.5,463.0,85.5,25.59,23.5,False,True,True,False
8877689391,2016-04-17,15118,8.87,8.87,0.0,0.0,0.07,8.79,0.0,58,15,307,1060,3545,2.01,87.9,51.0,167.0,1.0,432.5,463.0,62.5,24.39,23.5,False,False,True,False
8877689391,2016-04-18,11423,8.67,8.67,0.0,2.44,0.27,5.94,0.0,29,5,191,1215,2761,1.56,66.0,48.0,139.0,1.0,432.5,463.0,85.8,25.68,23.5,False,True,True,False
8877689391,2016-04-19,18785,17.4,17.4,0.0,12.15,0.18,5.03,0.0,82,13,214,1131,3676,2.09,86.6,49.0,178.0,1.0,432.5,463.0,85.3,25.53,23.5,False,True,True,False
8877689391,2016-04-20,19948,18.11,18.11,0.0,11.02,0.69,6.34,0.0,73,19,225,1123,3679,2.09,85.5,51.0,173.0,1.0,432.5,463.0,84.9,25.41,23.5,False,True,True,False
8877689391,2016-04-21,19377,17.62,17.62,0.0,12.29,0.42,4.89,0.0,82,13,226,1119,3659,2.09,87.1,53.0,170.0,1.0,432.5,463.0,84.5,25.29,23.5,False,True,True,False
8877689391,2016-04-22,18258,16.31,16.31,0.0,10.23,0.03,5.97,0.05,61,2,236,1141,3427,1.95,82.8,47.0,163.0,1.0,432.5,463.0,62.5,24.39,23.5,False,False,True,False
8877689391,2016-04-23,11200,7.43,7.43,0.0,0.0,0.0,7.4,0.01,102,6,300,1032,3891,2.21,93.9,53.0,165.0,1.0,432.5,463.0,85.5,25.59,23.5,False,True,True,False
8877689391,2016-04-24,16674,15.74,15.74,0.0,11.01,0.01,4.69,0.0,64,1,227,1148,3455,1.96,87.3,51.0,171.0,1.0,432.5,463.0,85.5,25.59,23.5,False,True,True,False
8877689391,2016-04-25,12986,8.74,8.74,0.0,2.37,0.07,6.27,0.01,113,8,218,1101,3802,2.16,89.8,49.0,176.0,1.0,432.5,463.0,85.4,25.56,23.5,False,True,True,False
8877689391,2016-04-26,11101,8.43,8.43,0.0,1.76,0.13,6.5,0.0,22,3,258,1157,2860,1.62,67.6,49.0,125.0,1.0,432.5,463.0,85.1,25.49,23.5,False,True,True,False
8877689391,2016-04-27,23629,20.65,20.65,0.0,13.07,0.44,7.1,0.0,93,8,235,1104,3808,2.16,84.8,46.0,163.0,1.0,432.5,463.0,85.4,25.56,23.5,False,True,True,False
8877689391,2016-04-28,14890,11.3,11.3,0.0,4.93,0.38,5.97,0.0,58,8,231,1143,3060,1.74,66.8,47.0,153.0,1.0,432.5,463.0,85.1,25.49,23.5,False,True,True,False
8877689391,2016-04-29,9733,7.39,7.39,0.0,1.38,0.17,5.79,0.0,18,5,210,1207,2698,1.54,64.5,47.0,131.0,1.0,432.5,463.0,84.9,25.41,23.5,False,True,True,False
8877689391,2016-04-30,27745,26.72,26.72,0.0,21.66,0.08,4.93,0.0,124,4,223,1089,4398,2.5,102.2,49.0,170.0,1.0,432.5,463.0,85.5,25.59,23.5,False,True,True,False
8877689391,2016-05-01,10930,8.32,8.32,0.0,3.13,0.57,4.57,0.0,36,12,166,1226,2786,1.58,70.7,48.0,145.0,1.0,432.5,463.0,85.3,25.53,23.5,False,True,True,False
8877689391,2016-05-02,4790,3.64,3.64,0.0,0.0,0.0,3.56,0.0,0,0,105,1335,2189,1.24,65.9,47.0,108.0,1.0,432.5,463.0,62.5,24.39,23.5,False,False,True,False
8877689391,2016-05-03,10818,8.21,8.21,0.0,1.39,0.1,6.67,0.01,19,3,229,1189,2817,1.6,67.5,48.0,150.0,1.0,432.5,463.0,84.9,25.41,23.5,False,True,True,False
8877689391,2016-05-04,18193,16.3,16.3,0.0,10.42,0.31,5.53,0.0,66,8,212,1154,3477,1.98,88.4,56.0,168.0,1.0,432.5,463.0,84.4,25.26,23.5,False,True,True,False
8877689391,2016-05-05,14055,10.67,10.67,0.0,5.46,0.82,4.37,0.0,67,15,188,1170,3052,1.74,72.9,53.0,142.0,1.0,432.5,463.0,62.5,24.39,23.5,False,False,True,False
8877689391,2016-05-06,21727,19.34,19.34,0.0,12.79,0.29,6.16,0.0,96,17,232,1095,4015,2.28,92.8,47.0,177.0,1.0,432.5,463.0,85.0,25.44,23.5,False,True,True,False
8877689391,2016-05-07,12332,8.13,8.13,0.0,0.08,0.96,6.99,0.0,105,28,271,1036,4142,2.35,101.0,56.0,166.0,1.0,432.5,463.0,62.5,24.39,23.5,False,False,True,False
8877689391,2016-05-08,10686,8.11,8.11,0.0,1.08,0.2,6.8,0.0,17,4,245,1174,2847,1.62,72.6,54.0,137.0,1.0,432.5,463.0,85.4,25.56,23.5,False,True,True,False
8877689391,2016-05-09,20226,18.25,18.25,0.0,11.1,0.8,6.24,0.05,73,19,217,1131,3710,2.1,89.6,51.0,176.0,1.0,432.5,463.0,85.5,25.61,23.5,False,True,True,False
8877689391,2016-05-10,10733,8.15,8.15,0.0,1.35,0.46,6.28,0.0,18,11,224,1187,2832,1.61,71.5,50.0,141.0,1.0,432.5,463.0,62.5,24.39,23.5,False,False,True,False
8877689391,2016-05-11,21420,19.56,19.56,0.0,13.22,0.41,5.89,0.0,88,12,213,1127,3832,2.18,89.1,48.0,180.0,1.0,432.5,463.0,85.4,25.56,23.5,False,True,True,False
8877689391,2016-05-12,8064,6.12,6.12,0.0,1.82,0.04,4.25,0.0,23,1,137,770,1849,1.63,71.1,53.0,122.0,1.0,432.5,463.0,84.0,25.14,23.5,False,True,True,False
